date,keyword,country_code,interest_score,z_score
2019-01-01,Plin,CL,16,-1.47187792908322
2019-01-01,Yape,CL,22,-0.58898107639959
2019-01-01,criptomonedas,CL,15,-0.84240125343539
2019-01-01,fintech,CL,22,-1.42448147015433
2019-01-01,tarjeta virtual,CL,40,-0.239268163929376
2019-01-01,Plin,CO,23,-1.24466024706951
2019-01-01,Yape,CO,18,-0.61350180784365
2019-01-01,criptomonedas,CO,13,-0.88291018125912
2019-01-01,fintech,CO,33,-1.85912431125149
2019-01-01,Plin,MX,11,-1.40144936043495
2019-01-01,Yape,MX,34,-0.133591193649287
2019-01-01,criptomonedas,MX,13,-1.16176691642096
2019-01-01,fintech,MX,45,-2.06154004665332
2019-01-01,pagos digitales,MX,100,2.83856511050899
2019-01-01,tarjeta virtual,MX,35,-1.98873505864995
2019-01-01,Plin,PE,4,-1.70033293479294
2019-01-01,Yape,PE,3,-1.47153049696698
2019-01-01,criptomonedas,PE,16,-1.0288087978073
2019-01-01,fintech,PE,80,0.84630711539768
2019-01-01,tarjeta virtual,PE,11,-1.59866258924292
2019-02-01,Plin,CL,21,-1.23778841095016
2019-02-01,Yape,CL,18,-0.778652948460475
2019-02-01,criptomonedas,CL,18,-0.703376479884259
2019-02-01,fintech,CL,36,-0.723557029856916
2019-02-01,tarjeta virtual,CL,41,-0.176663948994449
2019-02-01,Plin,CO,26,-1.11473622699886
2019-02-01,Yape,CO,18,-0.61350180784365
2019-02-01,criptomonedas,CO,14,-0.830721968115869
2019-02-01,fintech,CO,43,-1.03710084231533
2019-02-01,Plin,MX,12,-1.35526163884951
2019-02-01,Yape,MX,56,0.813107938269221
2019-02-01,criptomonedas,MX,15,-1.06343765856736
2019-02-01,fintech,MX,55,-1.27196804557413
2019-02-01,pagos digitales,MX,52,0.219730948522813
2019-02-01,tarjeta virtual,MX,30,-2.27184281855916
2019-02-01,Plin,PE,4,-1.70033293479294
2019-02-01,Yape,PE,4,-1.43733064778564
2019-02-01,criptomonedas,PE,21,-0.784650663087103
2019-02-01,fintech,PE,65,-0.312075748802894
2019-02-01,tarjeta virtual,PE,15,-1.43830206843943
2019-03-01,Plin,CL,15,-1.51869583270983
2019-03-01,criptomonedas,CL,16,-0.79605966225168
2019-03-01,fintech,CL,35,-0.773623061306732
2019-03-01,tarjeta virtual,CL,38,-0.364476593799228
2019-03-01,Plin,CO,30,-0.941504200237998
2019-03-01,criptomonedas,CO,13,-0.88291018125912
2019-03-01,fintech,CO,41,-1.20150553610257
2019-03-01,Plin,MX,13,-1.30907391726407
2019-03-01,Yape,MX,33,-0.176622972372856
2019-03-01,criptomonedas,MX,14,-1.11260228749416
2019-03-01,fintech,MX,56,-1.19301084546622
2019-03-01,pagos digitales,MX,28,-1.08968613247028
2019-03-01,tarjeta virtual,MX,29,-2.32846437054101
2019-03-01,Plin,PE,3,-1.75130800840275
2019-03-01,Yape,PE,4,-1.43733064778564
2019-03-01,criptomonedas,PE,14,-1.12647205169538
2019-03-01,fintech,PE,55,-1.08433099160328
2019-03-01,tarjeta virtual,PE,11,-1.59866258924292
2019-04-01,Plin,CL,20,-1.28460631457677
2019-04-01,criptomonedas,CL,12,-0.981426026986521
2019-04-01,fintech,CL,38,-0.623424966957286
2019-04-01,tarjeta virtual,CL,33,-0.67749766847386
2019-04-01,Plin,CO,25,-1.15804423368908
2019-04-01,Yape,CO,18,-0.61350180784365
2019-04-01,criptomonedas,CO,16,-0.726345541829365
2019-04-01,fintech,CO,46,-0.79049380163449
2019-04-01,Plin,MX,11,-1.40144936043495
2019-04-01,Yape,MX,37,-0.00449585747858172
2019-04-01,criptomonedas,MX,16,-1.01427302964056
2019-04-01,fintech,MX,55,-1.27196804557413
2019-04-01,pagos digitales,MX,27,-1.14424517751166
2019-04-01,tarjeta virtual,MX,35,-1.98873505864995
2019-04-01,Plin,PE,4,-1.70033293479294
2019-04-01,Yape,PE,4,-1.43733064778564
2019-04-01,criptomonedas,PE,15,-1.07764042475134
2019-04-01,fintech,PE,85,1.23243473679787
2019-04-01,tarjeta virtual,PE,11,-1.59866258924292
2019-05-01,Plin,CL,16,-1.47187792908322
2019-05-01,criptomonedas,CL,14,-0.8887428446191
2019-05-01,fintech,CL,37,-0.673490998407101
2019-05-01,tarjeta virtual,CL,28,-0.990518743148491
2019-05-01,Plin,CO,24,-1.2013522403793
2019-05-01,criptomonedas,CO,17,-0.674157328686114
2019-05-01,fintech,CO,45,-0.872696148528105
2019-05-01,Plin,MX,12,-1.35526163884951
2019-05-01,Yape,MX,27,-0.434813644714267
2019-05-01,criptomonedas,MX,17,-0.965108400713762
2019-05-01,fintech,MX,59,-0.956139245142462
2019-05-01,pagos digitales,MX,22,-1.41704040271855
2019-05-01,tarjeta virtual,MX,37,-1.87549195468626
2019-05-01,Plin,PE,4,-1.70033293479294
2019-05-01,Yape,PE,4,-1.43733064778564
2019-05-01,criptomonedas,PE,18,-0.931145543919222
2019-05-01,fintech,PE,97,2.15914102815833
2019-05-01,tarjeta virtual,PE,13,-1.51848232884117
2019-06-01,Plin,CL,18,-1.37824212182999
2019-06-01,criptomonedas,CL,14,-0.8887428446191
2019-06-01,fintech,CL,32,-0.923821155656177
2019-06-01,tarjeta virtual,CL,30,-0.865310313278639
2019-06-01,Plin,CO,33,-0.811580180167348
2019-06-01,criptomonedas,CO,16,-0.726345541829365
2019-06-01,fintech,CO,45,-0.872696148528105
2019-06-01,Plin,MX,12,-1.35526163884951
2019-06-01,criptomonedas,MX,21,-0.768449885006562
2019-06-01,fintech,MX,62,-0.719267644818707
2019-06-01,pagos digitales,MX,19,-1.58071753784269
2019-06-01,tarjeta virtual,MX,38,-1.81887040270442
2019-06-01,Plin,PE,4,-1.70033293479294
2019-06-01,Yape,PE,4,-1.43733064778564
2019-06-01,criptomonedas,PE,21,-0.784650663087103
2019-06-01,fintech,PE,77,0.614630542557565
2019-06-01,tarjeta virtual,PE,10,-1.63875271944379
2019-07-01,Plin,CL,25,-1.05051679644371
2019-07-01,criptomonedas,CL,18,-0.703376479884259
2019-07-01,fintech,CL,40,-0.523292904057656
2019-07-01,tarjeta virtual,CL,35,-0.552289238604007
2019-07-01,Plin,CO,33,-0.811580180167348
2019-07-01,criptomonedas,CO,15,-0.778533754972617
2019-07-01,fintech,CO,39,-1.3659102298898
2019-07-01,Plin,MX,14,-1.26288619567862
2019-07-01,criptomonedas,MX,20,-0.817614513933362
2019-07-01,fintech,MX,61,-0.798224844926625
2019-07-01,pagos digitales,MX,15,-1.7989537180082
2019-07-01,tarjeta virtual,MX,44,-1.47914109081336
2019-07-01,Plin,PE,4,-1.70033293479294
2019-07-01,Yape,PE,5,-1.4031307986043
2019-07-01,criptomonedas,PE,18,-0.931145543919222
2019-07-01,fintech,PE,71,0.151277396877335
2019-07-01,tarjeta virtual,PE,11,-1.59866258924292
2019-08-01,Plin,CL,23,-1.14415260369693
2019-08-01,criptomonedas,CL,12,-0.981426026986521
2019-08-01,fintech,CL,43,-0.373094809708211
2019-08-01,tarjeta virtual,CL,26,-1.11572717301834
2019-08-01,Plin,CO,33,-0.811580180167348
2019-08-01,Yape,CO,13,-0.834240671707991
2019-08-01,criptomonedas,CO,13,-0.88291018125912
2019-08-01,fintech,CO,49,-0.543886760953645
2019-08-01,Plin,MX,14,-1.26288619567862
2019-08-01,Yape,MX,21,-0.693004317055679
2019-08-01,criptomonedas,MX,16,-1.01427302964056
2019-08-01,fintech,MX,76,0.386133156692148
2019-08-01,pagos digitales,MX,20,-1.52615849280131
2019-08-01,tarjeta virtual,MX,47,-1.30927643486783
2019-08-01,Plin,PE,6,-1.59838278757332
2019-08-01,Yape,PE,5,-1.4031307986043
2019-08-01,criptomonedas,PE,26,-0.540492528366905
2019-08-01,fintech,PE,76,0.537405018277527
2019-08-01,tarjeta virtual,PE,16,-1.39821193823856
2019-09-01,Plin,CL,38,-0.44188404929775
2019-09-01,criptomonedas,CL,11,-1.02776761817023
2019-09-01,fintech,CL,32,-0.923821155656177
2019-09-01,tarjeta virtual,CL,36,-0.489685023669081
2019-09-01,Plin,CO,42,-0.421808119955398
2019-09-01,criptomonedas,CO,15,-0.778533754972617
2019-09-01,fintech,CO,58,0.195934361088891
2019-09-01,Plin,MX,20,-0.98575986616598
2019-09-01,Yape,MX,19,-0.779067874502816
2019-09-01,billetera digital,MX,100,2.80318795652791
2019-09-01,criptomonedas,MX,16,-1.01427302964056
2019-09-01,fintech,MX,100,2.28110595928219
2019-09-01,pagos digitales,MX,19,-1.58071753784269
2019-09-01,tarjeta virtual,MX,45,-1.42251953883151
2019-09-01,Plin,PE,6,-1.59838278757332
2019-09-01,Yape,PE,7,-1.33473110024162
2019-09-01,criptomonedas,PE,26,-0.540492528366905
2019-09-01,fintech,PE,93,1.85023893103818
2019-09-01,tarjeta virtual,PE,13,-1.51848232884117
2019-10-01,Plin,CL,31,-0.769609374684035
2019-10-01,criptomonedas,CL,9,-1.12045080053765
2019-10-01,fintech,CL,30,-1.02395321855581
2019-10-01,tarjeta virtual,CL,32,-0.740101883408786
2019-10-01,Plin,CO,44,-0.335192106574964
2019-10-01,Yape,CO,13,-0.834240671707991
2019-10-01,criptomonedas,CO,14,-0.830721968115869
2019-10-01,fintech,CO,51,-0.379482067166414
2019-10-01,Plin,MX,19,-1.03194758775142
2019-10-01,Yape,MX,17,-0.865131431949953
2019-10-01,criptomonedas,MX,16,-1.01427302964056
2019-10-01,fintech,MX,78,0.544047556907985
2019-10-01,pagos digitales,MX,19,-1.58071753784269
2019-10-01,tarjeta virtual,MX,44,-1.47914109081336
2019-10-01,Plin,PE,7,-1.54740771396351
2019-10-01,Yape,PE,7,-1.33473110024162
2019-10-01,criptomonedas,PE,22,-0.735819036143063
2019-10-01,fintech,PE,91,1.6957878824781
2019-10-01,tarjeta virtual,PE,14,-1.4783921986403
2019-11-01,Plin,CL,35,-0.582337760177587
2019-11-01,criptomonedas,CL,18,-0.703376479884259
2019-11-01,fintech,CL,20,-1.52461353305396
2019-11-01,tarjeta virtual,CL,33,-0.67749766847386
2019-11-01,Plin,CO,41,-0.465116126645614
2019-11-01,Yape,CO,14,-0.790092898935123
2019-11-01,criptomonedas,CO,16,-0.726345541829365
2019-11-01,fintech,CO,54,-0.132875026485569
2019-11-01,Plin,MX,21,-0.93957214458054
2019-11-01,criptomonedas,MX,17,-0.965108400713762
2019-11-01,fintech,MX,63,-0.640310444710789
2019-11-01,pagos digitales,MX,20,-1.52615849280131
2019-11-01,tarjeta virtual,MX,48,-1.25265488288598
2019-11-01,Plin,PE,6,-1.59838278757332
2019-11-01,Yape,PE,9,-1.26633140187894
2019-11-01,criptomonedas,PE,24,-0.638155782254984
2019-11-01,fintech,PE,83,1.07798368823779
2019-11-01,tarjeta virtual,PE,15,-1.43830206843943
2019-12-01,Plin,CL,25,-1.05051679644371
2019-12-01,Yape,CL,16,-0.873488884490917
2019-12-01,criptomonedas,CL,13,-0.93508443580281
2019-12-01,fintech,CL,30,-1.02395321855581
2019-12-01,tarjeta virtual,CL,43,-0.0514555191245968
2019-12-01,Plin,CO,40,-0.508424133335831
2019-12-01,criptomonedas,CO,12,-0.935098394402372
2019-12-01,fintech,CO,39,-1.3659102298898
2019-12-01,Plin,MX,23,-0.847196701409658
2019-12-01,Yape,MX,20,-0.736036095779247
2019-12-01,criptomonedas,MX,12,-1.21093154534776
2019-12-01,fintech,MX,53,-1.42988244578997
2019-12-01,pagos digitales,MX,23,-1.36248135767717
2019-12-01,tarjeta virtual,MX,49,-1.19603333090414
2019-12-01,Plin,PE,6,-1.59838278757332
2019-12-01,Yape,PE,8,-1.30053125106028
2019-12-01,criptomonedas,PE,17,-0.979977170863262
2019-12-01,fintech,PE,56,-1.00710546732324
2019-12-01,tarjeta virtual,PE,17,-1.35812180803769
2020-01-01,Plin,CL,40,-0.348248242044526
2020-01-01,Yape,CL,25,-0.446727172353926
2020-01-01,criptomonedas,CL,15,-0.84240125343539
2020-01-01,fintech,CL,27,-1.17415131290525
2020-01-01,tarjeta virtual,CL,42,-0.114059734059523
2020-01-01,Plin,CO,47,-0.205268086504314
2020-01-01,criptomonedas,CO,15,-0.778533754972617
2020-01-01,fintech,CO,45,-0.872696148528105
2020-01-01,Plin,MX,22,-0.893384422995099
2020-01-01,Yape,MX,16,-0.908163210673522
2020-01-01,criptomonedas,MX,21,-0.768449885006562
2020-01-01,fintech,MX,74,0.228218756476312
2020-01-01,pagos digitales,MX,29,-1.0351270874289
2020-01-01,tarjeta virtual,MX,47,-1.30927643486783
2020-01-01,Plin,PE,22,-0.782781609816379
2020-01-01,Yape,PE,10,-1.2321315526976
2020-01-01,criptomonedas,PE,18,-0.931145543919222
2020-01-01,fintech,PE,78,0.691856066837603
2020-01-01,tarjeta virtual,PE,19,-1.27794154763595
2020-02-01,Plin,CL,45,-0.114158723911465
2020-02-01,criptomonedas,CL,11,-1.02776761817023
2020-02-01,fintech,CL,24,-1.3243494072547
2020-02-01,tarjeta virtual,CL,37,-0.427080808734155
2020-02-01,Plin,CO,35,-0.724964166786914
2020-02-01,criptomonedas,CO,16,-0.726345541829365
2020-02-01,fintech,CO,55,-0.0506726795919542
2020-02-01,Plin,MX,27,-0.662445815067896
2020-02-01,Yape,MX,21,-0.693004317055679
2020-02-01,criptomonedas,MX,19,-0.866779142860162
2020-02-01,fintech,MX,72,0.0703043562604754
2020-02-01,pagos digitales,MX,20,-1.52615849280131
2020-02-01,tarjeta virtual,MX,40,-1.70562729874073
2020-02-01,Plin,PE,19,-0.935706830645805
2020-02-01,Yape,PE,10,-1.2321315526976
2020-02-01,criptomonedas,PE,25,-0.589324155310944
2020-02-01,fintech,PE,83,1.07798368823779
2020-02-01,tarjeta virtual,PE,22,-1.15767115703334
2020-03-01,Plin,CL,37,-0.488701952924362
2020-03-01,Yape,CL,38,0.16970641184395
2020-03-01,criptomonedas,CL,12,-0.981426026986521
2020-03-01,fintech,CL,18,-1.62474559595359
2020-03-01,tarjeta virtual,CL,42,-0.114059734059523
2020-03-01,Plin,CO,46,-0.248576093194531
2020-03-01,criptomonedas,CO,13,-0.88291018125912
2020-03-01,fintech,CO,39,-1.3659102298898
2020-03-01,Plin,MX,29,-0.570070371897014
2020-03-01,Yape,MX,12,-1.0802903255678
2020-03-01,criptomonedas,MX,22,-0.719285256079762
2020-03-01,fintech,MX,62,-0.719267644818707
2020-03-01,pagos digitales,MX,26,-1.19880422255304
2020-03-01,tarjeta virtual,MX,50,-1.1394117789223
2020-03-01,Plin,PE,19,-0.935706830645805
2020-03-01,Yape,PE,10,-1.2321315526976
2020-03-01,criptomonedas,PE,24,-0.638155782254984
2020-03-01,fintech,PE,67,-0.157624700242818
2020-03-01,tarjeta virtual,PE,20,-1.23785141743508
2020-04-01,Plin,CL,43,-0.207794531164689
2020-04-01,criptomonedas,CL,18,-0.703376479884259
2020-04-01,fintech,CL,38,-0.623424966957286
2020-04-01,tarjeta virtual,CL,64,1.26323299450886
2020-04-01,Plin,CO,49,-0.118652073123881
2020-04-01,Yape,CO,10,-0.966683990026595
2020-04-01,billetera digital,CO,10,-1.04396026350134
2020-04-01,criptomonedas,CO,18,-0.621969115542862
2020-04-01,fintech,CO,65,0.771350789344196
2020-04-01,Plin,MX,33,-0.385319485555252
2020-04-01,Yape,MX,24,-0.563908980884973
2020-04-01,criptomonedas,MX,21,-0.768449885006562
2020-04-01,fintech,MX,54,-1.35092524568205
2020-04-01,pagos digitales,MX,26,-1.19880422255304
2020-04-01,tarjeta virtual,MX,61,-0.516574707122022
2020-04-01,Plin,PE,22,-0.782781609816379
2020-04-01,Yape,PE,15,-1.0611323067909
2020-04-01,criptomonedas,PE,24,-0.638155782254984
2020-04-01,fintech,PE,64,-0.389301273082933
2020-04-01,pagos digitales,PE,45,-0.527551246739904
2020-04-01,tarjeta virtual,PE,30,-0.836950115426384
2020-05-01,Plin,CL,45,-0.114158723911465
2020-05-01,Yape,CL,11,-1.11057872456702
2020-05-01,criptomonedas,CL,18,-0.703376479884259
2020-05-01,fintech,CL,22,-1.42448147015433
2020-05-01,tarjeta virtual,CL,87,2.70312993801216
2020-05-01,Plin,CO,57,0.227811980397852
2020-05-01,Yape,CO,15,-0.745945126162255
2020-05-01,criptomonedas,CO,21,-0.465404476113107
2020-05-01,fintech,CO,56,0.0315296673016608
2020-05-01,Plin,MX,31,-0.477694928726133
2020-05-01,Yape,MX,18,-0.822099653226385
2020-05-01,criptomonedas,MX,22,-0.719285256079762
2020-05-01,fintech,MX,67,-0.324481644279116
2020-05-01,pagos digitales,MX,30,-0.98056804238752
2020-05-01,tarjeta virtual,MX,75,0.276127020623784
2020-05-01,Plin,PE,24,-0.680831462596761
2020-05-01,Yape,PE,20,-0.890133060884195
2020-05-01,criptomonedas,PE,26,-0.540492528366905
2020-05-01,fintech,PE,72,0.228502921157374
2020-05-01,tarjeta virtual,PE,30,-0.836950115426384
2020-06-01,Plin,CL,50,0.119930794221595
2020-06-01,Yape,CL,18,-0.778652948460475
2020-06-01,criptomonedas,CL,18,-0.703376479884259
2020-06-01,fintech,CL,31,-0.973887187105992
2020-06-01,tarjeta virtual,CL,87,2.70312993801216
2020-06-01,Plin,CO,62,0.444352013848935
2020-06-01,Yape,CO,11,-0.922536217253727
2020-06-01,billetera digital,CO,10,-1.04396026350134
2020-06-01,criptomonedas,CO,16,-0.726345541829365
2020-06-01,fintech,CO,47,-0.708291454740875
2020-06-01,Plin,MX,38,-0.154380877628048
2020-06-01,Yape,MX,17,-0.865131431949953
2020-06-01,billetera digital,MX,67,0.436775797877604
2020-06-01,criptomonedas,MX,18,-0.915943771786962
2020-06-01,fintech,MX,76,0.386133156692148
2020-06-01,pagos digitales,MX,37,-0.598654727097868
2020-06-01,tarjeta virtual,MX,61,-0.516574707122022
2020-06-01,Plin,PE,33,-0.222055800108482
2020-06-01,Yape,PE,32,-0.479734870708113
2020-06-01,criptomonedas,PE,19,-0.882313916975182
2020-06-01,fintech,PE,68,-0.0803991759627795
2020-06-01,pagos digitales,PE,38,-0.956651028419192
2020-06-01,tarjeta virtual,PE,33,-0.716679724823773
2020-07-01,Plin,CL,50,0.119930794221595
2020-07-01,Yape,CL,13,-1.01574278853658
2020-07-01,criptomonedas,CL,21,-0.564351706333129
2020-07-01,fintech,CL,35,-0.773623061306732
2020-07-01,tarjeta virtual,CL,89,2.82833836788201
2020-07-01,Plin,CO,66,0.617584040609802
2020-07-01,Yape,CO,12,-0.878388444480859
2020-07-01,criptomonedas,CO,18,-0.621969115542862
2020-07-01,fintech,CO,48,-0.62608910784726
2020-07-01,Plin,MX,52,0.492247224568121
2020-07-01,criptomonedas,MX,21,-0.768449885006562
2020-07-01,fintech,MX,69,-0.166567244063279
2020-07-01,pagos digitales,MX,33,-0.816890907263384
2020-07-01,tarjeta virtual,MX,59,-0.629817811085708
2020-07-01,Plin,PE,31,-0.3240059473281
2020-07-01,Yape,PE,30,-0.548134569070794
2020-07-01,criptomonedas,PE,22,-0.735819036143063
2020-07-01,fintech,PE,65,-0.312075748802894
2020-07-01,tarjeta virtual,PE,28,-0.917130375828124
2020-08-01,Plin,CL,49,0.0731128905949832
2020-08-01,Yape,CL,10,-1.15799669258224
2020-08-01,criptomonedas,CL,18,-0.703376479884259
2020-08-01,fintech,CL,35,-0.773623061306732
2020-08-01,tarjeta virtual,CL,100,3.5169847321662
2020-08-01,Plin,CO,65,0.574276033919585
2020-08-01,billetera digital,CO,12,-0.956963574876225
2020-08-01,criptomonedas,CO,16,-0.726345541829365
2020-08-01,fintech,CO,45,-0.872696148528105
2020-08-01,Plin,MX,40,-0.0620054344571668
2020-08-01,Yape,MX,16,-0.908163210673522
2020-08-01,criptomonedas,MX,21,-0.768449885006562
2020-08-01,fintech,MX,74,0.228218756476312
2020-08-01,neobanco,MX,55,-0.752857461707688
2020-08-01,pagos digitales,MX,33,-0.816890907263384
2020-08-01,tarjeta virtual,MX,58,-0.686439363067552
2020-08-01,Plin,PE,31,-0.3240059473281
2020-08-01,Yape,PE,28,-0.616534267433474
2020-08-01,criptomonedas,PE,23,-0.686987409199024
2020-08-01,fintech,PE,59,-0.775428894483124
2020-08-01,tarjeta virtual,PE,34,-0.676589594622903
2020-09-01,Plin,CL,53,0.260384505101432
2020-09-01,Yape,CL,12,-1.0631607565518
2020-09-01,criptomonedas,CL,16,-0.79605966225168
2020-09-01,fintech,CL,37,-0.673490998407101
2020-09-01,tarjeta virtual,CL,85,2.57792150814231
2020-09-01,Plin,CO,71,0.834124074060885
2020-09-01,Yape,CO,13,-0.834240671707991
2020-09-01,criptomonedas,CO,15,-0.778533754972617
2020-09-01,fintech,CO,49,-0.543886760953645
2020-09-01,Plin,MX,48,0.307496338226359
2020-09-01,criptomonedas,MX,18,-0.915943771786962
2020-09-01,fintech,MX,69,-0.166567244063279
2020-09-01,pagos digitales,MX,25,-1.25336326759441
2020-09-01,tarjeta virtual,MX,56,-0.799682467031238
2020-09-01,Plin,PE,28,-0.476931168157526
2020-09-01,Yape,PE,23,-0.787533513340174
2020-09-01,criptomonedas,PE,20,-0.833482290031143
2020-09-01,fintech,PE,80,0.84630711539768
2020-09-01,tarjeta virtual,PE,28,-0.917130375828124
2020-10-01,Plin,CL,51,0.166748697848208
2020-10-01,Yape,CL,13,-1.01574278853658
2020-10-01,criptomonedas,CL,12,-0.981426026986521
2020-10-01,fintech,CL,32,-0.923821155656177
2020-10-01,tarjeta virtual,CL,61,1.07542034970408
2020-10-01,Plin,CO,74,0.964048094131535
2020-10-01,Yape,CO,18,-0.61350180784365
2020-10-01,billetera digital,CO,9,-1.08745860781389
2020-10-01,criptomonedas,CO,14,-0.830721968115869
2020-10-01,fintech,CO,54,-0.132875026485569
2020-10-01,Plin,MX,46,0.215120895055477
2020-10-01,criptomonedas,MX,15,-1.06343765856736
2020-10-01,fintech,MX,54,-1.35092524568205
2020-10-01,pagos digitales,MX,32,-0.871449952304762
2020-10-01,tarjeta virtual,MX,60,-0.573196259103865
2020-10-01,Plin,PE,28,-0.476931168157526
2020-10-01,Yape,PE,23,-0.787533513340174
2020-10-01,billetera digital,PE,1,-0.255207395304429
2020-10-01,criptomonedas,PE,16,-1.0288087978073
2020-10-01,fintech,PE,65,-0.312075748802894
2020-10-01,tarjeta virtual,PE,33,-0.716679724823773
2020-11-01,Plin,CL,55,0.354020312354656
2020-11-01,Yape,CL,20,-0.683817012430032
2020-11-01,criptomonedas,CL,16,-0.79605966225168
2020-11-01,fintech,CL,29,-1.07401925000562
2020-11-01,tarjeta virtual,CL,59,0.950211919834224
2020-11-01,Plin,CO,71,0.834124074060885
2020-11-01,Yape,CO,15,-0.745945126162255
2020-11-01,criptomonedas,CO,14,-0.830721968115869
2020-11-01,fintech,CO,43,-1.03710084231533
2020-11-01,Plin,MX,44,0.122745451884596
2020-11-01,Yape,MX,21,-0.693004317055679
2020-11-01,criptomonedas,MX,17,-0.965108400713762
2020-11-01,fintech,MX,55,-1.27196804557413
2020-11-01,pagos digitales,MX,34,-0.762331862222005
2020-11-01,tarjeta virtual,MX,70,-0.00698073928543253
2020-11-01,Plin,PE,28,-0.476931168157526
2020-11-01,Yape,PE,56,0.341061509644049
2020-11-01,billetera digital,PE,100,6.77050207542926
2020-11-01,criptomonedas,PE,19,-0.882313916975182
2020-11-01,fintech,PE,46,-1.77936071012362
2020-11-01,tarjeta virtual,PE,27,-0.957220506028994
2020-12-01,Plin,CL,52,0.21356660147482
2020-12-01,Yape,CL,15,-0.920906852506138
2020-12-01,criptomonedas,CL,18,-0.703376479884259
2020-12-01,fintech,CL,21,-1.47454750160414
2020-12-01,tarjeta virtual,CL,67,1.45104563931363
2020-12-01,Plin,CO,70,0.790816067370668
2020-12-01,Yape,CO,15,-0.745945126162255
2020-12-01,criptomonedas,CO,15,-0.778533754972617
2020-12-01,fintech,CO,32,-1.9413266581451
2020-12-01,Plin,MX,44,0.122745451884596
2020-12-01,Yape,MX,11,-1.12332210429136
2020-12-01,criptomonedas,MX,27,-0.473462111445761
2020-12-01,fintech,MX,56,-1.19301084546622
2020-12-01,pagos digitales,MX,40,-0.434977591973732
2020-12-01,tarjeta virtual,MX,100,1.69166582016987
2020-12-01,Plin,PE,31,-0.3240059473281
2020-12-01,Yape,PE,36,-0.342935473982753
2020-12-01,billetera digital,PE,8,0.241559941010074
2020-12-01,criptomonedas,PE,22,-0.735819036143063
2020-12-01,fintech,PE,49,-1.54768413728351
2020-12-01,tarjeta virtual,PE,49,-0.0752376416098522
2021-01-01,Plin,CL,52,0.21356660147482
2021-01-01,criptomonedas,CL,39,0.269796934973655
2021-01-01,fintech,CL,32,-0.923821155656177
2021-01-01,tarjeta virtual,CL,59,0.950211919834224
2021-01-01,Plin,CO,87,1.52705218110435
2021-01-01,Yape,CO,13,-0.834240671707991
2021-01-01,criptomonedas,CO,31,0.0564776553194093
2021-01-01,fintech,CO,38,-1.44811257678341
2021-01-01,Plin,MX,49,0.353684059811799
2021-01-01,Yape,MX,13,-1.03725854684423
2021-01-01,criptomonedas,MX,47,0.509830467090243
2021-01-01,fintech,MX,57,-1.1140536453583
2021-01-01,pagos digitales,MX,48,0.00149476835729801
2021-01-01,tarjeta virtual,MX,61,-0.516574707122022
2021-01-01,Plin,PE,34,-0.171080726498673
2021-01-01,Yape,PE,30,-0.548134569070794
2021-01-01,billetera digital,PE,2,-0.184240632973786
2021-01-01,criptomonedas,PE,43,0.28964512968177
2021-01-01,fintech,PE,52,-1.31600756444339
2021-01-01,tarjeta virtual,PE,49,-0.0752376416098522
2021-02-01,Plin,CL,51,0.166748697848208
2021-02-01,criptomonedas,CL,62,1.33565353219899
2021-02-01,fintech,CL,29,-1.07401925000562
2021-02-01,tarjeta virtual,CL,47,0.198961340615108
2021-02-01,Plin,CO,68,0.704200053990235
2021-02-01,Yape,CO,14,-0.790092898935123
2021-02-01,criptomonedas,CO,39,0.473983360465422
2021-02-01,fintech,CO,39,-1.3659102298898
2021-02-01,Plin,MX,45,0.168933173470037
2021-02-01,Yape,MX,13,-1.03725854684423
2021-02-01,criptomonedas,MX,69,1.59145230347985
2021-02-01,fintech,MX,71,-0.00865284384744285
2021-02-01,pagos digitales,MX,36,-0.653213772139247
2021-02-01,tarjeta virtual,MX,74,0.219505468641941
2021-02-01,Plin,PE,36,-0.0691305792790556
2021-02-01,Yape,PE,37,-0.308735624801413
2021-02-01,billetera digital,PE,11,0.454460228002004
2021-02-01,criptomonedas,PE,62,1.21744604161852
2021-02-01,fintech,PE,46,-1.77936071012362
2021-02-01,tarjeta virtual,PE,51,0.00494261879188795
2021-03-01,Plin,CL,56,0.400838215981268
2021-03-01,billetera digital,CL,40,-1.1432947132741
2021-03-01,criptomonedas,CL,46,0.594188073259627
2021-03-01,fintech,CL,38,-0.623424966957286
2021-03-01,tarjeta virtual,CL,59,0.950211919834224
2021-03-01,Plin,CO,70,0.790816067370668
2021-03-01,Yape,CO,11,-0.922536217253727
2021-03-01,criptomonedas,CO,40,0.526171573608674
2021-03-01,fintech,CO,42,-1.11930318920895
2021-03-01,Plin,MX,50,0.39987178139724
2021-03-01,Yape,MX,15,-0.95119498939709
2021-03-01,criptomonedas,MX,53,0.804818240651044
2021-03-01,fintech,MX,71,-0.00865284384744285
2021-03-01,neobanco,MX,52,-0.930952775229936
2021-03-01,pagos digitales,MX,36,-0.653213772139247
2021-03-01,tarjeta virtual,MX,65,-0.290088499194649
2021-03-01,Plin,PE,32,-0.273030873718291
2021-03-01,Yape,PE,55,0.306861660462709
2021-03-01,billetera digital,PE,20,1.09316108897779
2021-03-01,criptomonedas,PE,43,0.28964512968177
2021-03-01,fintech,PE,43,-2.01103728296374
2021-03-01,pagos digitales,PE,56,0.146748410184691
2021-03-01,tarjeta virtual,PE,44,-0.275688292614203
2021-04-01,Plin,CL,57,0.44765611960788
2021-04-01,Yape,CL,20,-0.683817012430032
2021-04-01,billetera digital,CL,24,-1.9046777453798
2021-04-01,criptomonedas,CL,66,1.52101989693383
2021-04-01,fintech,CL,38,-0.623424966957286
2021-04-01,tarjeta virtual,CL,77,2.0770877886629
2021-04-01,Plin,CO,75,1.00735610082175
2021-04-01,Yape,CO,15,-0.745945126162255
2021-04-01,billetera digital,CO,9,-1.08745860781389
2021-04-01,criptomonedas,CO,50,1.04805370504119
2021-04-01,fintech,CO,43,-1.03710084231533
2021-04-01,Plin,MX,55,0.630810389324443
2021-04-01,Yape,MX,17,-0.865131431949953
2021-04-01,criptomonedas,MX,72,1.73894619026025
2021-04-01,fintech,MX,87,1.25466235787925
2021-04-01,pagos digitales,MX,44,-0.216741411808217
2021-04-01,tarjeta virtual,MX,62,-0.459953155140179
2021-04-01,Plin,PE,29,-0.425956094547717
2021-04-01,Yape,PE,31,-0.513934719889453
2021-04-01,billetera digital,PE,6,0.0996264163487878
2021-04-01,criptomonedas,PE,61,1.16861441467448
2021-04-01,fintech,PE,57,-0.929879943043201
2021-04-01,tarjeta virtual,PE,37,-0.556319204020293
2021-05-01,Plin,CL,61,0.634927734114329
2021-05-01,Yape,CL,12,-1.0631607565518
2021-05-01,billetera digital,CL,22,-1.99985062439301
2021-05-01,criptomonedas,CL,100,3.09663399717998
2021-05-01,fintech,CL,28,-1.12408528145544
2021-05-01,tarjeta virtual,CL,61,1.07542034970408
2021-05-01,Plin,CO,72,0.877432080751102
2021-05-01,criptomonedas,CO,65,1.83087690218996
2021-05-01,fintech,CO,43,-1.03710084231533
2021-05-01,Plin,MX,48,0.307496338226359
2021-05-01,Yape,MX,17,-0.865131431949953
2021-05-01,criptomonedas,MX,84,2.32892173738185
2021-05-01,fintech,MX,71,-0.00865284384744285
2021-05-01,neobanco,MX,87,1.14682588252963
2021-05-01,pagos digitales,MX,39,-0.489536637015111
2021-05-01,tarjeta virtual,MX,68,-0.120223843249119
2021-05-01,Plin,PE,31,-0.3240059473281
2021-05-01,Yape,PE,26,-0.684933965796154
2021-05-01,billetera digital,PE,2,-0.184240632973786
2021-05-01,criptomonedas,PE,84,2.2917418343874
2021-05-01,fintech,PE,54,-1.16155651588332
2021-05-01,tarjeta virtual,PE,42,-0.355868553015943
2021-06-01,Plin,CL,69,1.00947096312723
2021-06-01,Yape,CL,11,-1.11057872456702
2021-06-01,criptomonedas,CL,49,0.733212846810757
2021-06-01,fintech,CL,37,-0.673490998407101
2021-06-01,tarjeta virtual,CL,54,0.637190845159593
2021-06-01,Plin,CO,80,1.22389613427283
2021-06-01,Yape,CO,12,-0.878388444480859
2021-06-01,criptomonedas,CO,43,0.682736213038429
2021-06-01,fintech,CO,46,-0.79049380163449
2021-06-01,Plin,MX,54,0.584622667739003
2021-06-01,Yape,MX,16,-0.908163210673522
2021-06-01,criptomonedas,MX,61,1.19813527206545
2021-06-01,fintech,MX,85,1.09674795766341
2021-06-01,neobanco,MX,60,-0.456031939170607
2021-06-01,pagos digitales,MX,33,-0.816890907263384
2021-06-01,tarjeta virtual,MX,73,0.162883916660097
2021-06-01,Plin,PE,30,-0.374981020937908
2021-06-01,Yape,PE,27,-0.650734116614814
2021-06-01,billetera digital,PE,1,-0.255207395304429
2021-06-01,criptomonedas,PE,50,0.631466518290047
2021-06-01,fintech,PE,54,-1.16155651588332
2021-06-01,tarjeta virtual,PE,40,-0.436048813417683
2021-07-01,Plin,CL,70,1.05628886675384
2021-07-01,Yape,CL,18,-0.778652948460475
2021-07-01,criptomonedas,CL,46,0.594188073259627
2021-07-01,fintech,CL,53,0.12756550478994
2021-07-01,tarjeta virtual,CL,42,-0.114059734059523
2021-07-01,Plin,CO,73,0.920740087441318
2021-07-01,Yape,CO,13,-0.834240671707991
2021-07-01,criptomonedas,CO,38,0.421795147322171
2021-07-01,fintech,CO,48,-0.62608910784726
2021-07-01,Plin,MX,56,0.676998110909884
2021-07-01,Yape,MX,12,-1.0802903255678
2021-07-01,criptomonedas,MX,48,0.558995096017043
2021-07-01,fintech,MX,85,1.09674795766341
2021-07-01,pagos digitales,MX,42,-0.325859501890975
2021-07-01,tarjeta virtual,MX,70,-0.00698073928543253
2021-07-01,Plin,PE,35,-0.120105652888864
2021-07-01,Yape,PE,26,-0.684933965796154
2021-07-01,billetera digital,PE,1,-0.255207395304429
2021-07-01,criptomonedas,PE,52,0.729129772178127
2021-07-01,fintech,PE,53,-1.23878204016335
2021-07-01,tarjeta virtual,PE,43,-0.315778422815073
2021-08-01,Plin,CL,74,1.24356048126029
2021-08-01,Yape,CL,13,-1.01574278853658
2021-08-01,criptomonedas,CL,58,1.15028716746415
2021-08-01,fintech,CL,50,-0.0226325895595055
2021-08-01,tarjeta virtual,CL,44,0.0111486958103294
2021-08-01,Plin,CO,67,0.660892047300018
2021-08-01,criptomonedas,CO,45,0.787112639324932
2021-08-01,fintech,CO,51,-0.379482067166414
2021-08-01,Plin,MX,52,0.492247224568121
2021-08-01,Yape,MX,24,-0.563908980884973
2021-08-01,criptomonedas,MX,54,0.853982869577844
2021-08-01,fintech,MX,80,0.701961957123821
2021-08-01,neobanco,MX,71,0.196984210410972
2021-08-01,pagos digitales,MX,42,-0.325859501890975
2021-08-01,tarjeta virtual,MX,79,0.502613228551157
2021-08-01,Plin,PE,34,-0.171080726498673
2021-08-01,Yape,PE,25,-0.719133814977494
2021-08-01,billetera digital,PE,1,-0.255207395304429
2021-08-01,criptomonedas,PE,63,1.26627766856256
2021-08-01,fintech,PE,48,-1.62490966156355
2021-08-01,tarjeta virtual,PE,47,-0.155417902011592
2021-09-01,Plin,CL,76,1.33719628851351
2021-09-01,criptomonedas,CL,71,1.75272785285238
2021-09-01,fintech,CL,58,0.377895662039015
2021-09-01,tarjeta virtual,CL,34,-0.614893453538934
2021-09-01,Plin,CO,72,0.877432080751102
2021-09-01,Yape,CO,14,-0.790092898935123
2021-09-01,criptomonedas,CO,54,1.2568065576142
2021-09-01,fintech,CO,54,-0.132875026485569
2021-09-01,Plin,MX,54,0.584622667739003
2021-09-01,Yape,MX,14,-0.994226768120659
2021-09-01,criptomonedas,MX,56,0.952312127431444
2021-09-01,fintech,MX,76,0.386133156692148
2021-09-01,pagos digitales,MX,53,0.274289993564192
2021-09-01,tarjeta virtual,MX,73,0.162883916660097
2021-09-01,Plin,PE,32,-0.273030873718291
2021-09-01,Yape,PE,27,-0.650734116614814
2021-09-01,billetera digital,PE,1,-0.255207395304429
2021-09-01,criptomonedas,PE,76,1.90108881883508
2021-09-01,fintech,PE,61,-0.620977845923048
2021-09-01,tarjeta virtual,PE,41,-0.395958683216813
2021-10-01,Plin,CL,72,1.14992467400706
2021-10-01,Yape,CL,21,-0.636399044414811
2021-10-01,criptomonedas,CL,65,1.47467830575012
2021-10-01,fintech,CL,33,-0.873755124206362
2021-10-01,tarjeta virtual,CL,35,-0.552289238604007
2021-10-01,Plin,CO,74,0.964048094131535
2021-10-01,billetera digital,CO,12,-0.956963574876225
2021-10-01,criptomonedas,CO,63,1.72650047590346
2021-10-01,fintech,CO,50,-0.46168441406003
2021-10-01,Plin,MX,61,0.907936718837087
2021-10-01,Yape,MX,20,-0.736036095779247
2021-10-01,criptomonedas,MX,60,1.14897064313865
2021-10-01,fintech,MX,89,1.41257675809509
2021-10-01,pagos digitales,MX,40,-0.434977591973732
2021-10-01,tarjeta virtual,MX,72,0.106262364678254
2021-10-01,Plin,PE,37,-0.0181555056692468
2021-10-01,Yape,PE,56,0.341061509644049
2021-10-01,billetera digital,PE,19,1.02219432664715
2021-10-01,criptomonedas,PE,75,1.85225719189104
2021-10-01,fintech,PE,60,-0.698203370203086
2021-10-01,tarjeta virtual,PE,42,-0.355868553015943
2021-11-01,Plin,CL,67,0.915835155874002
2021-11-01,Yape,CL,14,-0.96832482052136
2021-11-01,criptomonedas,CL,72,1.79906944403609
2021-11-01,fintech,CL,42,-0.423160841158026
2021-11-01,tarjeta virtual,CL,42,-0.114059734059523
2021-11-01,Plin,CO,70,0.790816067370668
2021-11-01,criptomonedas,CO,72,2.19619439419273
2021-11-01,fintech,CO,49,-0.543886760953645
2021-11-01,Plin,MX,60,0.861748997251647
2021-11-01,Yape,MX,16,-0.908163210673522
2021-11-01,criptomonedas,MX,81,2.18142785060145
2021-11-01,fintech,MX,72,0.0703043562604754
2021-11-01,pagos digitales,MX,41,-0.380418546932353
2021-11-01,tarjeta virtual,MX,74,0.219505468641941
2021-11-01,Plin,PE,35,-0.120105652888864
2021-11-01,Yape,PE,37,-0.308735624801413
2021-11-01,billetera digital,PE,10,0.383493465671361
2021-11-01,criptomonedas,PE,83,2.24291020744336
2021-11-01,fintech,PE,61,-0.620977845923048
2021-11-01,tarjeta virtual,PE,49,-0.0752376416098522
2021-12-01,Plin,CL,68,0.962653059500614
2021-12-01,criptomonedas,CL,61,1.28931194101528
2021-12-01,fintech,CL,43,-0.373094809708211
2021-12-01,tarjeta virtual,CL,42,-0.114059734059523
2021-12-01,Plin,CO,81,1.26720414096305
2021-12-01,billetera digital,CO,20,-0.608976820375779
2021-12-01,criptomonedas,CO,66,1.88306511533322
2021-12-01,fintech,CO,46,-0.79049380163449
2021-12-01,Plin,MX,65,1.09268760517885
2021-12-01,Yape,MX,24,-0.563908980884973
2021-12-01,criptomonedas,MX,75,1.88644007704065
2021-12-01,fintech,MX,99,2.20214875917427
2021-12-01,pagos digitales,MX,56,0.437967128688328
2021-12-01,tarjeta virtual,MX,84,0.785720988460373
2021-12-01,Plin,PE,38,0.032819567940562
2021-12-01,Yape,PE,39,-0.240335926438733
2021-12-01,billetera digital,PE,3,-0.113273870643142
2021-12-01,criptomonedas,PE,75,1.85225719189104
2021-12-01,fintech,PE,49,-1.54768413728351
2021-12-01,tarjeta virtual,PE,95,1.76890834763017
2022-01-01,Plin,CL,75,1.2903783848869
2022-01-01,Yape,CL,25,-0.446727172353926
2022-01-01,billetera digital,CL,32,-1.52398622932695
2022-01-01,criptomonedas,CL,84,2.35516853824062
2022-01-01,fintech,CL,59,0.42796169348883
2022-01-01,tarjeta virtual,CL,42,-0.114059734059523
2022-01-01,Plin,CO,88,1.57036018779457
2022-01-01,Yape,CO,24,-0.348615171206441
2022-01-01,billetera digital,CO,23,-0.478481787438112
2022-01-01,criptomonedas,CO,100,3.65746436220377
2022-01-01,fintech,CO,54,-0.132875026485569
2022-01-01,Plin,MX,65,1.09268760517885
2022-01-01,Yape,MX,18,-0.822099653226385
2022-01-01,criptomonedas,MX,100,3.11555580021065
2022-01-01,fintech,MX,87,1.25466235787925
2022-01-01,neobanco,MX,59,-0.515397043678023
2022-01-01,pagos digitales,MX,49,0.0560538133986768
2022-01-01,tarjeta virtual,MX,86,0.89896409242406
2022-01-01,Plin,PE,41,0.185744788769988
2022-01-01,Yape,PE,44,-0.069336680532032
2022-01-01,billetera digital,PE,2,-0.184240632973786
2022-01-01,criptomonedas,PE,100,3.07304786549203
2022-01-01,fintech,PE,61,-0.620977845923048
2022-01-01,tarjeta virtual,PE,91,1.60854782682669
2022-02-01,Plin,CL,73,1.19674257763367
2022-02-01,Yape,CL,35,0.027452507798286
2022-02-01,billetera digital,CL,33,-1.47639978982034
2022-02-01,criptomonedas,CL,86,2.44785172060804
2022-02-01,fintech,CL,45,-0.272962746808581
2022-02-01,tarjeta virtual,CL,44,0.0111486958103294
2022-02-01,Plin,CO,78,1.1372801208924
2022-02-01,Yape,CO,13,-0.834240671707991
2022-02-01,billetera digital,CO,30,-0.173993377250223
2022-02-01,criptomonedas,CO,81,2.66588831248199
2022-02-01,fintech,CO,64,0.689148442450581
2022-02-01,Plin,MX,64,1.04649988359341
2022-02-01,Yape,MX,31,-0.262686529819993
2022-02-01,criptomonedas,MX,76,1.93560470596745
2022-02-01,fintech,MX,85,1.09674795766341
2022-02-01,neobanco,MX,86,1.08746077802221
2022-02-01,pagos digitales,MX,44,-0.216741411808217
2022-02-01,tarjeta virtual,MX,90,1.12545030035143
2022-02-01,Plin,PE,47,0.491595230428841
2022-02-01,Yape,PE,46,-0.000936982169351757
2022-02-01,billetera digital,PE,1,-0.255207395304429
2022-02-01,criptomonedas,PE,87,2.43823671521952
2022-02-01,fintech,PE,82,1.00075816395776
2022-02-01,tarjeta virtual,PE,100,1.96935899863452
2022-03-01,Plin,CL,66,0.869017252247389
2022-03-01,Yape,CL,26,-0.399309204338705
2022-03-01,criptomonedas,CL,63,1.3819951233827
2022-03-01,fintech,CL,56,0.277763599139385
2022-03-01,tarjeta virtual,CL,46,0.136357125680182
2022-03-01,Plin,CO,71,0.834124074060885
2022-03-01,Yape,CO,13,-0.834240671707991
2022-03-01,billetera digital,CO,33,-0.0434983443125557
2022-03-01,criptomonedas,CO,62,1.67431226276021
2022-03-01,fintech,CO,63,0.606946095556966
2022-03-01,Plin,MX,73,1.46218937786238
2022-03-01,Yape,MX,25,-0.520877202161405
2022-03-01,billetera digital,MX,41,-1.42767014530142
2022-03-01,criptomonedas,MX,77,1.98476933489425
2022-03-01,fintech,MX,98,2.12319155906635
2022-03-01,neobanco,MX,47,-1.22777829776702
2022-03-01,pagos digitales,MX,44,-0.216741411808217
2022-03-01,tarjeta virtual,MX,85,0.842342540442216
2022-03-01,Plin,PE,42,0.236719862379797
2022-03-01,Yape,PE,42,-0.137736378894712
2022-03-01,billetera digital,PE,1,-0.255207395304429
2022-03-01,criptomonedas,PE,68,1.51043580328276
2022-03-01,fintech,PE,74,0.38295396971745
2022-03-01,tarjeta virtual,PE,89,1.52836756642495
2022-04-01,Plin,CL,76,1.33719628851351
2022-04-01,Yape,CL,23,-0.541563108384369
2022-04-01,billetera digital,CL,27,-1.76191842685998
2022-04-01,criptomonedas,CL,82,2.26248535587319
2022-04-01,fintech,CL,70,0.978688039436796
2022-04-01,tarjeta virtual,CL,42,-0.114059734059523
2022-04-01,Plin,CO,85,1.44043616772392
2022-04-01,Yape,CO,24,-0.348615171206441
2022-04-01,billetera digital,CO,26,-0.347986754500445
2022-04-01,criptomonedas,CO,66,1.88306511533322
2022-04-01,fintech,CO,72,1.3467672175995
2022-04-01,Plin,MX,84,1.97025431530222
2022-04-01,Yape,MX,30,-0.305718308543562
2022-04-01,criptomonedas,MX,64,1.34562915884585
2022-04-01,fintech,MX,92,1.64944835841884
2022-04-01,pagos digitales,MX,55,0.383408083646949
2022-04-01,tarjeta virtual,MX,86,0.89896409242406
2022-04-01,Plin,PE,40,0.13476971516018
2022-04-01,Yape,PE,41,-0.171936228076052
2022-04-01,billetera digital,PE,1,-0.255207395304429
2022-04-01,criptomonedas,PE,61,1.16861441467448
2022-04-01,fintech,PE,78,0.691856066837603
2022-04-01,pagos digitales,PE,43,-0.650151184362558
2022-04-01,tarjeta virtual,PE,73,0.88692548321103
2022-05-01,Plin,CL,89,1.94582903565947
2022-05-01,Yape,CL,39,0.217124379859171
2022-05-01,billetera digital,CL,67,0.141539153404265
2022-05-01,criptomonedas,CL,71,1.75272785285238
2022-05-01,fintech,CL,92,2.08014073133273
2022-05-01,tarjeta virtual,CL,44,0.0111486958103294
2022-05-01,Plin,CO,87,1.52705218110435
2022-05-01,Yape,CO,17,-0.657649580616518
2022-05-01,billetera digital,CO,20,-0.608976820375779
2022-05-01,criptomonedas,CO,66,1.88306511533322
2022-05-01,fintech,CO,75,1.59337425828035
2022-05-01,Plin,MX,79,1.73931570737502
2022-05-01,Yape,MX,26,-0.477845423437836
2022-05-01,criptomonedas,MX,68,1.54228767455305
2022-05-01,fintech,MX,100,2.28110595928219
2022-05-01,pagos digitales,MX,57,0.492526173729707
2022-05-01,tarjeta virtual,MX,92,1.23869340431512
2022-05-01,Plin,PE,46,0.440620156819032
2022-05-01,Yape,PE,43,-0.103536529713372
2022-05-01,billetera digital,PE,1,-0.255207395304429
2022-05-01,criptomonedas,PE,77,1.94992044577912
2022-05-01,fintech,PE,89,1.54133683391802
2022-05-01,pagos digitales,PE,58,0.269348347807345
2022-05-01,tarjeta virtual,PE,75,0.96710574361277
2022-06-01,Plin,CL,92,2.0862827465393
2022-06-01,Yape,CL,27,-0.351891236323484
2022-06-01,billetera digital,CL,43,-1.00053539475428
2022-06-01,criptomonedas,CL,42,0.408821708524786
2022-06-01,fintech,CL,61,0.52809375638846
2022-06-01,tarjeta virtual,CL,40,-0.239268163929376
2022-06-01,Plin,CO,94,1.83020822793587
2022-06-01,Yape,CO,26,-0.260319625660705
2022-06-01,billetera digital,CO,22,-0.521980131750668
2022-06-01,criptomonedas,CO,52,1.15243013132769
2022-06-01,fintech,CO,61,0.442541401769736
2022-06-01,Plin,MX,81,1.8316911505459
2022-06-01,Yape,MX,24,-0.563908980884973
2022-06-01,billetera digital,MX,50,-0.782285011124067
2022-06-01,criptomonedas,MX,50,0.657324353870643
2022-06-01,fintech,MX,81,0.78091915723174
2022-06-01,pagos digitales,MX,47,-0.0530642766840808
2022-06-01,tarjeta virtual,MX,80,0.559234780533
2022-06-01,Plin,PE,51,0.695495524868076
2022-06-01,Yape,PE,46,-0.000936982169351757
2022-06-01,billetera digital,PE,1,-0.255207395304429
2022-06-01,criptomonedas,PE,56,0.924456279954285
2022-06-01,fintech,PE,79,0.769081591117642
2022-06-01,pagos digitales,PE,52,-0.098451465060616
2022-06-01,tarjeta virtual,PE,73,0.88692548321103
2022-07-01,Plin,CL,100,2.4608259755522
2022-07-01,Yape,CL,37,0.122288443828728
2022-07-01,billetera digital,CL,61,-0.143979483635372
2022-07-01,criptomonedas,CL,35,0.0844305702388144
2022-07-01,fintech,CL,48,-0.122764652459136
2022-07-01,tarjeta virtual,CL,41,-0.176663948994449
2022-07-01,Plin,CO,100,2.09005626807717
2022-07-01,Yape,CO,21,-0.481058489525046
2022-07-01,billetera digital,CO,18,-0.695973509000891
2022-07-01,criptomonedas,CO,43,0.682736213038429
2022-07-01,fintech,CO,58,0.195934361088891
2022-07-01,Plin,MX,88,2.15500520164399
2022-07-01,Yape,MX,31,-0.262686529819993
2022-07-01,billetera digital,MX,58,-0.208609336299751
2022-07-01,criptomonedas,MX,39,0.116513435675841
2022-07-01,fintech,MX,83,0.938833557447576
2022-07-01,pagos digitales,MX,52,0.219730948522813
2022-07-01,tarjeta virtual,MX,78,0.445991676569314
2022-07-01,Plin,PE,53,0.797445672087694
2022-07-01,Yape,PE,58,0.40946120800673
2022-07-01,billetera digital,PE,1,-0.255207395304429
2022-07-01,criptomonedas,PE,45,0.387308383569849
2022-07-01,fintech,PE,68,-0.0803991759627795
2022-07-01,pagos digitales,PE,44,-0.588851215551231
2022-07-01,tarjeta virtual,PE,81,1.20764652481799
2022-08-01,Plin,CL,90,1.99264693928608
2022-08-01,Yape,CL,16,-0.873488884490917
2022-08-01,billetera digital,CL,53,-0.524670999688221
2022-08-01,criptomonedas,CL,28,-0.239960568047157
2022-08-01,fintech,CL,65,0.72835788218772
2022-08-01,tarjeta virtual,CL,44,0.0111486958103294
2022-08-01,Plin,CO,97,1.96013224800652
2022-08-01,Yape,CO,24,-0.348615171206441
2022-08-01,billetera digital,CO,23,-0.478481787438112
2022-08-01,criptomonedas,CO,38,0.421795147322171
2022-08-01,fintech,CO,71,1.26456487070589
2022-08-01,Plin,MX,91,2.29356836640031
2022-08-01,Yape,MX,36,-0.0475276362021503
2022-08-01,billetera digital,MX,47,-0.997413389183185
2022-08-01,criptomonedas,MX,37,0.018184177822241
2022-08-01,fintech,MX,89,1.41257675809509
2022-08-01,neobanco,MX,53,-0.87158767072252
2022-08-01,pagos digitales,MX,52,0.219730948522813
2022-08-01,tarjeta virtual,MX,83,0.72909943647853
2022-08-01,Plin,PE,53,0.797445672087694
2022-08-01,Yape,PE,58,0.40946120800673
2022-08-01,billetera digital,PE,1,-0.255207395304429
2022-08-01,criptomonedas,PE,38,0.0454869949615713
2022-08-01,fintech,PE,72,0.228502921157374
2022-08-01,tarjeta virtual,PE,89,1.52836756642495
2022-09-01,Plin,CL,84,1.71173951752641
2022-09-01,Yape,CL,22,-0.58898107639959
2022-09-01,billetera digital,CL,53,-0.524670999688221
2022-09-01,criptomonedas,CL,26,-0.332643750414577
2022-09-01,fintech,CL,67,0.828489945087351
2022-09-01,tarjeta virtual,CL,34,-0.614893453538934
2022-09-01,Plin,CO,80,1.22389613427283
2022-09-01,Yape,CO,25,-0.304467398433573
2022-09-01,billetera digital,CO,16,-0.782970197626002
2022-09-01,criptomonedas,CO,38,0.421795147322171
2022-09-01,fintech,CO,72,1.3467672175995
2022-09-01,Plin,MX,88,2.15500520164399
2022-09-01,Yape,MX,31,-0.262686529819993
2022-09-01,criptomonedas,MX,32,-0.22763896681176
2022-09-01,fintech,MX,77,0.465090356800067
2022-09-01,neobanco,MX,50,-1.04968298424477
2022-09-01,pagos digitales,MX,63,0.81988044397798
2022-09-01,tarjeta virtual,MX,82,0.672477884496687
2022-09-01,Plin,PE,52,0.746470598477885
2022-09-01,Yape,PE,48,0.0674627161933285
2022-09-01,billetera digital,PE,1,-0.255207395304429
2022-09-01,criptomonedas,PE,36,-0.052176258926508
2022-09-01,fintech,PE,74,0.38295396971745
2022-09-01,pagos digitales,PE,61,0.453248254241326
2022-09-01,tarjeta virtual,PE,78,1.08737613421538
2022-10-01,Plin,CL,94,2.17991855379253
2022-10-01,Yape,CL,22,-0.58898107639959
2022-10-01,billetera digital,CL,53,-0.524670999688221
2022-10-01,criptomonedas,CL,21,-0.564351706333129
2022-10-01,fintech,CL,100,2.48066898293125
2022-10-01,tarjeta virtual,CL,35,-0.552289238604007
2022-10-01,Plin,CO,88,1.57036018779457
2022-10-01,Yape,CO,24,-0.348615171206441
2022-10-01,billetera digital,CO,28,-0.260990065875334
2022-10-01,criptomonedas,CO,36,0.317418721035668
2022-10-01,fintech,CO,66,0.853553136237811
2022-10-01,Plin,MX,100,2.70925786066927
2022-10-01,Yape,MX,36,-0.0475276362021503
2022-10-01,criptomonedas,MX,32,-0.22763896681176
2022-10-01,fintech,MX,77,0.465090356800067
2022-10-01,neobanco,MX,45,-1.34650850678185
2022-10-01,pagos digitales,MX,56,0.437967128688328
2022-10-01,tarjeta virtual,MX,89,1.06882874836959
2022-10-01,Plin,PE,57,1.00134596652693
2022-10-01,Yape,PE,52,0.204262112918689
2022-10-01,billetera digital,PE,1,-0.255207395304429
2022-10-01,criptomonedas,PE,39,0.094318621905611
2022-10-01,fintech,PE,87,1.38688578535795
2022-10-01,pagos digitales,PE,41,-0.772751121985211
2022-10-01,tarjeta virtual,PE,70,0.766655092608419
2022-11-01,Plin,CL,79,1.47764999939335
2022-11-01,Yape,CL,20,-0.683817012430032
2022-11-01,billetera digital,CL,50,-0.66743031820804
2022-11-01,criptomonedas,CL,26,-0.332643750414577
2022-11-01,fintech,CL,72,1.07882010233643
2022-11-01,tarjeta virtual,CL,40,-0.239268163929376
2022-11-01,Plin,CO,71,0.834124074060885
2022-11-01,Yape,CO,27,-0.216171852887837
2022-11-01,billetera digital,CO,18,-0.695973509000891
2022-11-01,criptomonedas,CO,41,0.578359786751926
2022-11-01,fintech,CO,58,0.195934361088891
2022-11-01,Plin,MX,81,1.8316911505459
2022-11-01,Yape,MX,43,0.25369481486283
2022-11-01,criptomonedas,MX,45,0.411501209236642
2022-11-01,fintech,MX,72,0.0703043562604754
2022-11-01,pagos digitales,MX,66,0.983557579102116
2022-11-01,tarjeta virtual,MX,90,1.12545030035143
2022-11-01,Plin,PE,50,0.644520451258268
2022-11-01,Yape,PE,63,0.58046045391343
2022-11-01,billetera digital,PE,7,0.170593178679431
2022-11-01,criptomonedas,PE,42,0.24081350273773
2022-11-01,fintech,PE,76,0.537405018277527
2022-11-01,pagos digitales,PE,38,-0.956651028419192
2022-11-01,tarjeta virtual,PE,68,0.686474832206679
2022-12-01,Plin,CL,57,0.44765611960788
2022-12-01,Yape,CL,28,-0.304473268308262
2022-12-01,billetera digital,CL,32,-1.52398622932695
2022-12-01,criptomonedas,CL,21,-0.564351706333129
2022-12-01,fintech,CL,59,0.42796169348883
2022-12-01,tarjeta virtual,CL,40,-0.239268163929376
2022-12-01,Plin,CO,56,0.184503973707635
2022-12-01,Yape,CO,27,-0.216171852887837
2022-12-01,billetera digital,CO,26,-0.347986754500445
2022-12-01,criptomonedas,CO,23,-0.361028049826604
2022-12-01,fintech,CO,53,-0.215077373379184
2022-12-01,Plin,MX,52,0.492247224568121
2022-12-01,Yape,MX,36,-0.0475276362021503
2022-12-01,criptomonedas,MX,31,-0.27680359573856
2022-12-01,fintech,MX,60,-0.877182045034543
2022-12-01,pagos digitales,MX,58,0.547085218771086
2022-12-01,tarjeta virtual,MX,91,1.18207185233328
2022-12-01,Plin,PE,44,0.338670009599415
2022-12-01,Yape,PE,60,0.47786090636941
2022-12-01,billetera digital,PE,4,-0.0423071083124989
2022-12-01,criptomonedas,PE,32,-0.247502766702667
2022-12-01,fintech,PE,55,-1.08433099160328
2022-12-01,pagos digitales,PE,45,-0.527551246739904
2022-12-01,tarjeta virtual,PE,72,0.84683535301016
2023-01-01,Plin,CL,46,-0.0673408202848531
2023-01-01,Yape,CL,38,0.16970641184395
2023-01-01,billetera digital,CL,75,0.522230669457113
2023-01-01,criptomonedas,CL,26,-0.332643750414577
2023-01-01,fintech,CL,87,1.82981057408365
2023-01-01,tarjeta virtual,CL,39,-0.301872378864302
2023-01-01,Plin,CO,42,-0.421808119955398
2023-01-01,Yape,CO,25,-0.304467398433573
2023-01-01,billetera digital,CO,26,-0.347986754500445
2023-01-01,criptomonedas,CO,28,-0.100086984110346
2023-01-01,fintech,CO,61,0.442541401769736
2023-01-01,Plin,MX,42,0.0303700087137145
2023-01-01,Yape,MX,33,-0.176622972372856
2023-01-01,billetera digital,MX,60,-0.0651904175936721
2023-01-01,criptomonedas,MX,36,-0.0309804511045592
2023-01-01,fintech,MX,58,-1.03509644525038
2023-01-01,pagos digitales,MX,68,1.09267566918487
2023-01-01,tarjeta virtual,MX,89,1.06882874836959
2023-01-01,Plin,PE,49,0.593545377648459
2023-01-01,Yape,PE,64,0.61466030309477
2023-01-01,billetera digital,PE,1,-0.255207395304429
2023-01-01,criptomonedas,PE,33,-0.198671139758627
2023-01-01,fintech,PE,62,-0.543752321643009
2023-01-01,pagos digitales,PE,39,-0.895351059607865
2023-01-01,tarjeta virtual,PE,77,1.04728600401451
2023-02-01,Plin,CL,44,-0.160976627538077
2023-02-01,Yape,CL,47,0.596468123980941
2023-02-01,billetera digital,CL,64,-0.0012201651155538
2023-02-01,criptomonedas,CL,25,-0.378985341598288
2023-02-01,fintech,CL,65,0.72835788218772
2023-02-01,tarjeta virtual,CL,43,-0.0514555191245968
2023-02-01,Plin,CO,45,-0.291884099884748
2023-02-01,Yape,CO,30,-0.0837285345692327
2023-02-01,billetera digital,CO,17,-0.739471853313446
2023-02-01,criptomonedas,CO,27,-0.152275197253597
2023-02-01,fintech,CO,73,1.42896956449312
2023-02-01,Plin,MX,36,-0.24675632079893
2023-02-01,Yape,MX,37,-0.00449585747858172
2023-02-01,criptomonedas,MX,31,-0.27680359573856
2023-02-01,fintech,MX,66,-0.403438844387034
2023-02-01,pagos digitales,MX,67,1.03811662414349
2023-02-01,tarjeta virtual,MX,88,1.01220719638775
2023-02-01,Plin,PE,52,0.746470598477885
2023-02-01,Yape,PE,72,0.888259096545491
2023-02-01,billetera digital,PE,1,-0.255207395304429
2023-02-01,criptomonedas,PE,30,-0.345166020590746
2023-02-01,fintech,PE,67,-0.157624700242818
2023-02-01,pagos digitales,PE,49,-0.282351371494597
2023-02-01,tarjeta virtual,PE,80,1.16755639461712
2023-03-01,Plin,CL,40,-0.348248242044526
2023-03-01,Yape,CL,31,-0.162219364262599
2023-03-01,billetera digital,CL,66,0.0939527138976584
2023-03-01,criptomonedas,CL,27,-0.286302159230867
2023-03-01,fintech,CL,71,1.02875407088661
2023-03-01,tarjeta virtual,CL,43,-0.0514555191245968
2023-03-01,Plin,CO,37,-0.638348153406481
2023-03-01,Yape,CO,28,-0.172024080114969
2023-03-01,billetera digital,CO,21,-0.565478476063224
2023-03-01,criptomonedas,CO,26,-0.204463410396849
2023-03-01,fintech,CO,69,1.10016017691866
2023-03-01,Plin,MX,36,-0.24675632079893
2023-03-01,Yape,MX,40,0.124599478692124
2023-03-01,criptomonedas,MX,33,-0.17847433788496
2023-03-01,fintech,MX,79,0.623004757015903
2023-03-01,neobanco,MX,83,0.909365464499966
2023-03-01,pagos digitales,MX,56,0.437967128688328
2023-03-01,tarjeta virtual,MX,77,0.38937012458747
2023-03-01,Plin,PE,49,0.593545377648459
2023-03-01,Yape,PE,63,0.58046045391343
2023-03-01,billetera digital,PE,1,-0.255207395304429
2023-03-01,criptomonedas,PE,28,-0.442829274478825
2023-03-01,fintech,PE,64,-0.389301273082933
2023-03-01,tarjeta virtual,PE,65,0.566204441604069
2023-04-01,Plin,CL,44,-0.160976627538077
2023-04-01,Yape,CL,30,-0.20963733227782
2023-04-01,billetera digital,CL,55,-0.429498120675009
2023-04-01,criptomonedas,CL,28,-0.239960568047157
2023-04-01,fintech,CL,70,0.978688039436796
2023-04-01,tarjeta virtual,CL,34,-0.614893453538934
2023-04-01,Plin,CO,45,-0.291884099884748
2023-04-01,Yape,CO,32,0.00456701097650354
2023-04-01,billetera digital,CO,21,-0.565478476063224
2023-04-01,criptomonedas,CO,25,-0.2566516235401
2023-04-01,fintech,CO,59,0.278136707982506
2023-04-01,Plin,MX,41,-0.0158177128717261
2023-04-01,Yape,MX,40,0.124599478692124
2023-04-01,criptomonedas,MX,33,-0.17847433788496
2023-04-01,fintech,MX,78,0.544047556907985
2023-04-01,neobanco,MX,55,-0.752857461707688
2023-04-01,pagos digitales,MX,76,1.5291480295159
2023-04-01,tarjeta virtual,MX,87,0.955585644405903
2023-04-01,Plin,PE,100,3.19327413174871
2023-04-01,Yape,PE,82,1.23025758835889
2023-04-01,billetera digital,PE,1,-0.255207395304429
2023-04-01,criptomonedas,PE,27,-0.491660901422865
2023-04-01,fintech,PE,81,0.923532639677718
2023-04-01,pagos digitales,PE,54,0.0241484725620377
2023-04-01,tarjeta virtual,PE,63,0.486024181202329
2023-05-01,Plin,CL,35,-0.582337760177587
2023-05-01,Yape,CL,24,-0.494145140369147
2023-05-01,billetera digital,CL,68,0.189125592910871
2023-05-01,criptomonedas,CL,24,-0.425326932781998
2023-05-01,fintech,CL,93,2.13020676278254
2023-05-01,tarjeta virtual,CL,36,-0.489685023669081
2023-05-01,Plin,CO,32,-0.854888186857564
2023-05-01,Yape,CO,37,0.225305874840844
2023-05-01,billetera digital,CO,29,-0.217491721562778
2023-05-01,criptomonedas,CO,23,-0.361028049826604
2023-05-01,fintech,CO,73,1.42896956449312
2023-05-01,Plin,MX,33,-0.385319485555252
2023-05-01,Yape,MX,38,0.0385359212449869
2023-05-01,billetera digital,MX,48,-0.925703929830146
2023-05-01,criptomonedas,MX,37,0.018184177822241
2023-05-01,fintech,MX,74,0.228218756476312
2023-05-01,pagos digitales,MX,63,0.81988044397798
2023-05-01,tarjeta virtual,MX,75,0.276127020623784
2023-05-01,Plin,PE,83,2.32669788038196
2023-05-01,Yape,PE,75,0.990858644089512
2023-05-01,billetera digital,PE,1,-0.255207395304429
2023-05-01,criptomonedas,PE,26,-0.540492528366905
2023-05-01,fintech,PE,75,0.460179493997489
2023-05-01,pagos digitales,PE,31,-1.38575081009848
2023-05-01,tarjeta virtual,PE,69,0.726564962407549
2023-06-01,Plin,CL,35,-0.582337760177587
2023-06-01,Yape,CL,30,-0.20963733227782
2023-06-01,billetera digital,CL,82,0.855335746003356
2023-06-01,criptomonedas,CL,26,-0.332643750414577
2023-06-01,fintech,CL,70,0.978688039436796
2023-06-01,tarjeta virtual,CL,33,-0.67749766847386
2023-06-01,Plin,CO,33,-0.811580180167348
2023-06-01,Yape,CO,35,0.137010329295108
2023-06-01,billetera digital,CO,35,0.0434983443125557
2023-06-01,criptomonedas,CO,19,-0.56978090239961
2023-06-01,fintech,CO,59,0.278136707982506
2023-06-01,Plin,MX,36,-0.24675632079893
2023-06-01,Yape,MX,39,0.0815676999685554
2023-06-01,billetera digital,MX,59,-0.136899876946712
2023-06-01,criptomonedas,MX,34,-0.12930970895816
2023-06-01,fintech,MX,67,-0.324481644279116
2023-06-01,neobanco,MX,91,1.3842863005593
2023-06-01,pagos digitales,MX,65,0.928998534060737
2023-06-01,tarjeta virtual,MX,81,0.615856332514843
2023-06-01,Plin,PE,56,0.95037089291712
2023-06-01,Yape,PE,67,0.717259850638791
2023-06-01,billetera digital,PE,2,-0.184240632973786
2023-06-01,criptomonedas,PE,29,-0.393997647534786
2023-06-01,fintech,PE,90,1.61856235819806
2023-06-01,pagos digitales,PE,52,-0.098451465060616
2023-06-01,tarjeta virtual,PE,65,0.566204441604069
2023-07-01,Plin,CL,39,-0.395066145671138
2023-07-01,Yape,CL,35,0.027452507798286
2023-07-01,billetera digital,CL,54,-0.477084560181615
2023-07-01,criptomonedas,CL,23,-0.471668523965708
2023-07-01,fintech,CL,57,0.3278296305892
2023-07-01,tarjeta virtual,CL,33,-0.67749766847386
2023-07-01,Plin,CO,36,-0.681656160096698
2023-07-01,Yape,CO,39,0.31360142038658
2023-07-01,billetera digital,CO,28,-0.260990065875334
2023-07-01,criptomonedas,CO,19,-0.56978090239961
2023-07-01,fintech,CO,63,0.606946095556966
2023-07-01,Plin,MX,31,-0.477694928726133
2023-07-01,Yape,MX,43,0.25369481486283
2023-07-01,billetera digital,MX,51,-0.710575551771027
2023-07-01,criptomonedas,MX,31,-0.27680359573856
2023-07-01,fintech,MX,59,-0.956139245142462
2023-07-01,neobanco,MX,54,-0.812222566215104
2023-07-01,pagos digitales,MX,62,0.765321398936601
2023-07-01,tarjeta virtual,MX,82,0.672477884496687
2023-07-01,Plin,PE,54,0.848420745697503
2023-07-01,Yape,PE,76,1.02505849327085
2023-07-01,billetera digital,PE,2,-0.184240632973786
2023-07-01,criptomonedas,PE,25,-0.589324155310944
2023-07-01,fintech,PE,77,0.614630542557565
2023-07-01,pagos digitales,PE,39,-0.895351059607865
2023-07-01,tarjeta virtual,PE,72,0.84683535301016
2023-08-01,Plin,CL,35,-0.582337760177587
2023-08-01,Yape,CL,43,0.406796251920056
2023-08-01,billetera digital,CL,87,1.09326794353639
2023-08-01,criptomonedas,CL,23,-0.471668523965708
2023-08-01,fintech,CL,62,0.578159787838275
2023-08-01,tarjeta virtual,CL,37,-0.427080808734155
2023-08-01,Plin,CO,31,-0.898196193547781
2023-08-01,Yape,CO,20,-0.525206262297914
2023-08-01,billetera digital,CO,27,-0.30448841018789
2023-08-01,criptomonedas,CO,19,-0.56978090239961
2023-08-01,fintech,CO,61,0.442541401769736
2023-08-01,Plin,MX,27,-0.662445815067896
2023-08-01,Yape,MX,44,0.296726593586398
2023-08-01,billetera digital,MX,67,0.436775797877604
2023-08-01,criptomonedas,MX,30,-0.32596822466536
2023-08-01,fintech,MX,77,0.465090356800067
2023-08-01,pagos digitales,MX,58,0.547085218771086
2023-08-01,tarjeta virtual,MX,90,1.12545030035143
2023-08-01,Plin,PE,47,0.491595230428841
2023-08-01,Yape,PE,76,1.02505849327085
2023-08-01,billetera digital,PE,2,-0.184240632973786
2023-08-01,criptomonedas,PE,24,-0.638155782254984
2023-08-01,fintech,PE,71,0.151277396877335
2023-08-01,pagos digitales,PE,57,0.208048378996018
2023-08-01,tarjeta virtual,PE,78,1.08737613421538
2023-09-01,Plin,CL,32,-0.722791471057423
2023-09-01,Yape,CL,34,-0.0199654602169351
2023-09-01,billetera digital,CL,100,1.71189165712227
2023-09-01,criptomonedas,CL,24,-0.425326932781998
2023-09-01,fintech,CL,45,-0.272962746808581
2023-09-01,tarjeta virtual,CL,38,-0.364476593799228
2023-09-01,Plin,CO,32,-0.854888186857564
2023-09-01,Yape,CO,25,-0.304467398433573
2023-09-01,billetera digital,CO,32,-0.0869966886251113
2023-09-01,criptomonedas,CO,18,-0.621969115542862
2023-09-01,fintech,CO,78,1.83998129896119
2023-09-01,Plin,MX,28,-0.616258093482455
2023-09-01,Yape,MX,35,-0.0905594149257189
2023-09-01,billetera digital,MX,60,-0.0651904175936721
2023-09-01,criptomonedas,MX,27,-0.473462111445761
2023-09-01,fintech,MX,64,-0.561353244602871
2023-09-01,pagos digitales,MX,52,0.219730948522813
2023-09-01,tarjeta virtual,MX,78,0.445991676569314
2023-09-01,Plin,PE,48,0.54257030403865
2023-09-01,Yape,PE,68,0.751459699820131
2023-09-01,billetera digital,PE,2,-0.184240632973786
2023-09-01,criptomonedas,PE,24,-0.638155782254984
2023-09-01,fintech,PE,100,2.39081760099845
2023-09-01,pagos digitales,PE,42,-0.711451153173884
2023-09-01,tarjeta virtual,PE,72,0.84683535301016
2023-10-01,Plin,CL,30,-0.816427278310647
2023-10-01,Yape,CL,30,-0.20963733227782
2023-10-01,billetera digital,CL,78,0.664989987976932
2023-10-01,criptomonedas,CL,21,-0.564351706333129
2023-10-01,fintech,CL,51,0.0274334418903095
2023-10-01,tarjeta virtual,CL,37,-0.427080808734155
2023-10-01,Plin,CO,24,-1.2013522403793
2023-10-01,Yape,CO,38,0.269453647613712
2023-10-01,billetera digital,CO,32,-0.0869966886251113
2023-10-01,criptomonedas,CO,18,-0.621969115542862
2023-10-01,fintech,CO,62,0.524743748663351
2023-10-01,Plin,MX,22,-0.893384422995099
2023-10-01,Yape,MX,38,0.0385359212449869
2023-10-01,billetera digital,MX,64,0.221647419818486
2023-10-01,criptomonedas,MX,30,-0.32596822466536
2023-10-01,fintech,MX,65,-0.482396044494952
2023-10-01,pagos digitales,MX,59,0.601644263812464
2023-10-01,tarjeta virtual,MX,78,0.445991676569314
2023-10-01,Plin,PE,47,0.491595230428841
2023-10-01,Yape,PE,73,0.922458945726831
2023-10-01,billetera digital,PE,1,-0.255207395304429
2023-10-01,criptomonedas,PE,23,-0.686987409199024
2023-10-01,fintech,PE,65,-0.312075748802894
2023-10-01,pagos digitales,PE,55,0.0854484413733645
2023-10-01,tarjeta virtual,PE,72,0.84683535301016
2023-11-01,Plin,CL,29,-0.863245181937259
2023-11-01,Yape,CL,38,0.16970641184395
2023-11-01,billetera digital,CL,75,0.522230669457113
2023-11-01,criptomonedas,CL,30,-0.147277385679737
2023-11-01,fintech,CL,60,0.478027724938645
2023-11-01,tarjeta virtual,CL,38,-0.364476593799228
2023-11-01,Plin,CO,22,-1.28796825375973
2023-11-01,Yape,CO,42,0.446044738705185
2023-11-01,billetera digital,CO,84,2.17491721562778
2023-11-01,criptomonedas,CO,18,-0.621969115542862
2023-11-01,fintech,CO,55,-0.0506726795919542
2023-11-01,Plin,MX,26,-0.708633536653336
2023-11-01,Yape,MX,46,0.382790151033535
2023-11-01,billetera digital,MX,52,-0.638866092417988
2023-11-01,criptomonedas,MX,34,-0.12930970895816
2023-11-01,fintech,MX,68,-0.245524444171198
2023-11-01,pagos digitales,MX,64,0.874439489019358
2023-11-01,tarjeta virtual,MX,86,0.89896409242406
2023-11-01,Plin,PE,45,0.389645083209224
2023-11-01,Yape,PE,77,1.05925834245219
2023-11-01,billetera digital,PE,1,-0.255207395304429
2023-11-01,criptomonedas,PE,25,-0.589324155310944
2023-11-01,fintech,PE,70,0.0740518725972971
2023-11-01,pagos digitales,PE,91,2.29224731858113
2023-11-01,tarjeta virtual,PE,68,0.686474832206679
2023-12-01,Plin,CL,25,-1.05051679644371
2023-12-01,Yape,CL,47,0.596468123980941
2023-12-01,billetera digital,CL,82,0.855335746003356
2023-12-01,criptomonedas,CL,30,-0.147277385679737
2023-12-01,fintech,CL,51,0.0274334418903095
2023-12-01,tarjeta virtual,CL,45,0.0737529107452557
2023-12-01,Plin,CO,22,-1.28796825375973
2023-12-01,Yape,CO,39,0.31360142038658
2023-12-01,billetera digital,CO,40,0.260990065875334
2023-12-01,criptomonedas,CO,17,-0.674157328686114
2023-12-01,fintech,CO,61,0.442541401769736
2023-12-01,Plin,MX,25,-0.754821258238777
2023-12-01,Yape,MX,55,0.770076159545653
2023-12-01,billetera digital,MX,56,-0.35202825500583
2023-12-01,criptomonedas,MX,30,-0.32596822466536
2023-12-01,fintech,MX,57,-1.1140536453583
2023-12-01,pagos digitales,MX,65,0.928998534060737
2023-12-01,tarjeta virtual,MX,90,1.12545030035143
2023-12-01,Plin,PE,60,1.15427118735636
2023-12-01,Yape,PE,80,1.16185788999621
2023-12-01,billetera digital,PE,1,-0.255207395304429
2023-12-01,criptomonedas,PE,26,-0.540492528366905
2023-12-01,fintech,PE,55,-1.08433099160328
2023-12-01,pagos digitales,PE,39,-0.895351059607865
2023-12-01,tarjeta virtual,PE,73,0.88692548321103
2024-01-01,Plin,CL,23,-1.14415260369693
2024-01-01,Yape,CL,70,1.68708138833103
2024-01-01,billetera digital,CL,66,0.0939527138976584
2024-01-01,criptomonedas,CL,30,-0.147277385679737
2024-01-01,fintech,CL,58,0.377895662039015
2024-01-01,tarjeta virtual,CL,33,-0.67749766847386
2024-01-01,Plin,CO,25,-1.15804423368908
2024-01-01,Yape,CO,49,0.755079148115262
2024-01-01,billetera digital,CO,31,-0.130495032937667
2024-01-01,criptomonedas,CO,18,-0.621969115542862
2024-01-01,fintech,CO,58,0.195934361088891
2024-01-01,Plin,MX,25,-0.754821258238777
2024-01-01,Yape,MX,54,0.727044380822084
2024-01-01,billetera digital,MX,53,-0.567156633064949
2024-01-01,criptomonedas,MX,32,-0.22763896681176
2024-01-01,fintech,MX,58,-1.03509644525038
2024-01-01,neobanco,MX,74,0.37507952393322
2024-01-01,pagos digitales,MX,69,1.14723471422625
2024-01-01,tarjeta virtual,MX,84,0.785720988460373
2024-01-01,Plin,PE,50,0.644520451258268
2024-01-01,Yape,PE,97,1.74325532607899
2024-01-01,billetera digital,PE,1,-0.255207395304429
2024-01-01,criptomonedas,PE,29,-0.393997647534786
2024-01-01,fintech,PE,61,-0.620977845923048
2024-01-01,tarjeta virtual,PE,78,1.08737613421538
2024-02-01,Plin,CL,27,-0.956880989190484
2024-02-01,Yape,CL,61,1.26031967619404
2024-02-01,billetera digital,CL,72,0.379471350937295
2024-02-01,criptomonedas,CL,34,0.0380889790551041
2024-02-01,fintech,CL,57,0.3278296305892
2024-02-01,tarjeta virtual,CL,35,-0.552289238604007
2024-02-01,Plin,CO,20,-1.37458426714016
2024-02-01,Yape,CO,50,0.79922692088813
2024-02-01,billetera digital,CO,30,-0.173993377250223
2024-02-01,criptomonedas,CO,19,-0.56978090239961
2024-02-01,fintech,CO,70,1.18236252381227
2024-02-01,Plin,MX,27,-0.662445815067896
2024-02-01,Yape,MX,63,1.1143303893342
2024-02-01,criptomonedas,MX,26,-0.522626740372561
2024-02-01,fintech,MX,82,0.859876357339658
2024-02-01,neobanco,MX,59,-0.515397043678023
2024-02-01,pagos digitales,MX,60,0.656203308853843
2024-02-01,tarjeta virtual,MX,80,0.559234780533
2024-02-01,Plin,PE,53,0.797445672087694
2024-02-01,Yape,PE,84,1.29865728672157
2024-02-01,billetera digital,PE,1,-0.255207395304429
2024-02-01,criptomonedas,PE,26,-0.540492528366905
2024-02-01,fintech,PE,68,-0.0803991759627795
2024-02-01,pagos digitales,PE,50,-0.22105140268327
2024-02-01,tarjeta virtual,PE,70,0.766655092608419
2024-03-01,Plin,CL,29,-0.863245181937259
2024-03-01,Yape,CL,52,0.833557964057047
2024-03-01,billetera digital,CL,93,1.37878658057602
2024-03-01,criptomonedas,CL,65,1.47467830575012
2024-03-01,fintech,CL,50,-0.0226325895595055
2024-03-01,tarjeta virtual,CL,33,-0.67749766847386
2024-03-01,Plin,CO,30,-0.941504200237998
2024-03-01,Yape,CO,60,1.24070464861681
2024-03-01,billetera digital,CO,39,0.217491721562778
2024-03-01,criptomonedas,CO,24,-0.308839836683352
2024-03-01,fintech,CO,64,0.689148442450581
2024-03-01,Plin,MX,34,-0.339131763969811
2024-03-01,Yape,MX,67,1.28645750422848
2024-03-01,criptomonedas,MX,38,0.0673488067490412
2024-03-01,fintech,MX,64,-0.561353244602871
2024-03-01,neobanco,MX,83,0.909365464499966
2024-03-01,pagos digitales,MX,64,0.874439489019358
2024-03-01,tarjeta virtual,MX,75,0.276127020623784
2024-03-01,Plin,PE,49,0.593545377648459
2024-03-01,Yape,PE,84,1.29865728672157
2024-03-01,billetera digital,PE,1,-0.255207395304429
2024-03-01,criptomonedas,PE,29,-0.393997647534786
2024-03-01,fintech,PE,64,-0.389301273082933
2024-03-01,pagos digitales,PE,47,-0.40495130911725
2024-03-01,tarjeta virtual,PE,64,0.526114311403199
2024-04-01,Plin,CL,39,-0.395066145671138
2024-04-01,Yape,CL,46,0.54905015596572
2024-04-01,billetera digital,CL,67,0.141539153404265
2024-04-01,criptomonedas,CL,42,0.408821708524786
2024-04-01,fintech,CL,71,1.02875407088661
2024-04-01,tarjeta virtual,CL,28,-0.990518743148491
2024-04-01,Plin,CO,28,-1.02812021361843
2024-04-01,Yape,CO,70,1.68218237634549
2024-04-01,billetera digital,CO,25,-0.391485098813001
2024-04-01,criptomonedas,CO,21,-0.465404476113107
2024-04-01,fintech,CO,61,0.442541401769736
2024-04-01,Plin,MX,35,-0.29294404238437
2024-04-01,Yape,MX,67,1.28645750422848
2024-04-01,criptomonedas,MX,32,-0.22763896681176
2024-04-01,fintech,MX,89,1.41257675809509
2024-04-01,neobanco,MX,92,1.44365140506671
2024-04-01,pagos digitales,MX,65,0.928998534060737
2024-04-01,tarjeta virtual,MX,71,0.0496408126964107
2024-04-01,Plin,PE,47,0.491595230428841
2024-04-01,Yape,PE,100,1.84585487362301
2024-04-01,billetera digital,PE,1,-0.255207395304429
2024-04-01,criptomonedas,PE,33,-0.198671139758627
2024-04-01,fintech,PE,89,1.54133683391802
2024-04-01,pagos digitales,PE,58,0.269348347807345
2024-04-01,tarjeta virtual,PE,58,0.285573530197978
2024-05-01,Plin,CL,25,-1.05051679644371
2024-05-01,Yape,CL,69,1.63966342031581
2024-05-01,billetera digital,CL,80,0.760162866990144
2024-05-01,criptomonedas,CL,32,-0.0545942033123162
2024-05-01,fintech,CL,92,2.08014073133273
2024-05-01,tarjeta virtual,CL,33,-0.67749766847386
2024-05-01,Plin,CO,27,-1.07142822030865
2024-05-01,Yape,CO,100,3.00661555953154
2024-05-01,billetera digital,CO,43,0.391485098813001
2024-05-01,criptomonedas,CO,22,-0.413216262969855
2024-05-01,fintech,CO,62,0.524743748663351
2024-05-01,Plin,MX,28,-0.616258093482455
2024-05-01,Yape,MX,69,1.37252106167561
2024-05-01,criptomonedas,MX,28,-0.424297482518961
2024-05-01,fintech,MX,66,-0.403438844387034
2024-05-01,pagos digitales,MX,59,0.601644263812464
2024-05-01,tarjeta virtual,MX,72,0.106262364678254
2024-05-01,Plin,PE,50,0.644520451258268
2024-05-01,Yape,PE,78,1.09345819163353
2024-05-01,billetera digital,PE,1,-0.255207395304429
2024-05-01,criptomonedas,PE,34,-0.149839512814587
2024-05-01,fintech,PE,72,0.228502921157374
2024-05-01,pagos digitales,PE,71,1.06624794235459
2024-05-01,tarjeta virtual,PE,57,0.245483399997108
2024-06-01,Plin,CL,46,-0.0673408202848531
2024-06-01,Yape,CL,66,1.49740951627014
2024-06-01,billetera digital,CL,74,0.474644229950507
2024-06-01,criptomonedas,CL,26,-0.332643750414577
2024-06-01,fintech,CL,69,0.928622007986981
2024-06-01,tarjeta virtual,CL,31,-0.802706098343713
2024-06-01,Plin,CO,31,-0.898196193547781
2024-06-01,Yape,CO,72,1.77047792189123
2024-06-01,billetera digital,CO,49,0.652475164688335
2024-06-01,criptomonedas,CO,21,-0.465404476113107
2024-06-01,fintech,CO,57,0.113732014195276
2024-06-01,Plin,MX,32,-0.431507207140692
2024-06-01,Yape,MX,96,2.53437908721196
2024-06-01,criptomonedas,MX,25,-0.571791369299361
2024-06-01,fintech,MX,60,-0.877182045034543
2024-06-01,pagos digitales,MX,74,1.42002993943315
2024-06-01,tarjeta virtual,MX,70,-0.00698073928543253
2024-06-01,Plin,PE,51,0.695495524868076
2024-06-01,Yape,PE,80,1.16185788999621
2024-06-01,billetera digital,PE,1,-0.255207395304429
2024-06-01,criptomonedas,PE,33,-0.198671139758627
2024-06-01,fintech,PE,67,-0.157624700242818
2024-06-01,pagos digitales,PE,82,1.74054759927919
2024-06-01,tarjeta virtual,PE,59,0.325663660398849
2024-07-01,Plin,CL,34,-0.629155663804199
2024-07-01,Yape,CL,72,1.78191732436147
2024-07-01,billetera digital,CL,78,0.664989987976932
2024-07-01,criptomonedas,CL,27,-0.286302159230867
2024-07-01,fintech,CL,61,0.52809375638846
2024-07-01,tarjeta virtual,CL,28,-0.990518743148491
2024-07-01,Plin,CO,32,-0.854888186857564
2024-07-01,Yape,CO,77,1.99121678575557
2024-07-01,billetera digital,CO,54,0.869966886251113
2024-07-01,criptomonedas,CO,20,-0.517592689256359
2024-07-01,fintech,CO,55,-0.0506726795919542
2024-07-01,Plin,MX,35,-0.29294404238437
2024-07-01,Yape,MX,83,1.97496596380557
2024-07-01,criptomonedas,MX,28,-0.424297482518961
2024-07-01,fintech,MX,69,-0.166567244063279
2024-07-01,neobanco,MX,74,0.37507952393322
2024-07-01,pagos digitales,MX,82,1.85650229976418
2024-07-01,tarjeta virtual,MX,84,0.785720988460373
2024-07-01,Plin,PE,66,1.46012162901521
2024-07-01,Yape,PE,97,1.74325532607899
2024-07-01,billetera digital,PE,1,-0.255207395304429
2024-07-01,criptomonedas,PE,26,-0.540492528366905
2024-07-01,fintech,PE,57,-0.929879943043201
2024-07-01,pagos digitales,PE,51,-0.159751433871943
2024-07-01,tarjeta virtual,PE,64,0.526114311403199
2024-08-01,Plin,CL,41,-0.301430338417914
2024-08-01,Yape,CL,77,2.01900716443758
2024-08-01,billetera digital,CL,72,0.379471350937295
2024-08-01,criptomonedas,CL,21,-0.564351706333129
2024-08-01,fintech,CL,64,0.678291850737905
2024-08-01,tarjeta virtual,CL,34,-0.614893453538934
2024-08-01,Plin,CO,33,-0.811580180167348
2024-08-01,Yape,CO,80,2.12366010407417
2024-08-01,billetera digital,CO,100,2.87089072462867
2024-08-01,criptomonedas,CO,29,-0.0478987709670939
2024-08-01,fintech,CO,70,1.18236252381227
2024-08-01,Plin,MX,27,-0.662445815067896
2024-08-01,Yape,MX,85,2.06102952125271
2024-08-01,billetera digital,MX,57,-0.280318795652791
2024-08-01,criptomonedas,MX,29,-0.37513285359216
2024-08-01,fintech,MX,72,0.0703043562604754
2024-08-01,pagos digitales,MX,80,1.74738420968142
2024-08-01,tarjeta virtual,MX,77,0.38937012458747
2024-08-01,Plin,PE,54,0.848420745697503
2024-08-01,Yape,PE,86,1.36705698508425
2024-08-01,billetera digital,PE,2,-0.184240632973786
2024-08-01,criptomonedas,PE,28,-0.442829274478825
2024-08-01,fintech,PE,73,0.305728445437412
2024-08-01,tarjeta virtual,PE,68,0.686474832206679
2024-09-01,Plin,CL,29,-0.863245181937259
2024-09-01,Yape,CL,55,0.975811868102711
2024-09-01,billetera digital,CL,64,-0.0012201651155538
2024-09-01,criptomonedas,CL,19,-0.657034888700549
2024-09-01,fintech,CL,61,0.52809375638846
2024-09-01,tarjeta virtual,CL,26,-1.11572717301834
2024-09-01,Plin,CO,31,-0.898196193547781
2024-09-01,Yape,CO,63,1.37314796693542
2024-09-01,billetera digital,CO,84,2.17491721562778
2024-09-01,criptomonedas,CO,17,-0.674157328686114
2024-09-01,fintech,CO,100,3.64843293062072
2024-09-01,Plin,MX,33,-0.385319485555252
2024-09-01,Yape,MX,77,1.71677529146416
2024-09-01,billetera digital,MX,62,0.0782285011124069
2024-09-01,criptomonedas,MX,25,-0.571791369299361
2024-09-01,fintech,MX,61,-0.798224844926625
2024-09-01,pagos digitales,MX,64,0.874439489019358
2024-09-01,tarjeta virtual,MX,68,-0.120223843249119
2024-09-01,Plin,PE,48,0.54257030403865
2024-09-01,Yape,PE,70,0.819859398182811
2024-09-01,billetera digital,PE,2,-0.184240632973786
2024-09-01,criptomonedas,PE,27,-0.491660901422865
2024-09-01,fintech,PE,80,0.84630711539768
2024-09-01,pagos digitales,PE,90,2.2309473497698
2024-09-01,tarjeta virtual,PE,57,0.245483399997108
2024-10-01,Plin,CL,29,-0.863245181937259
2024-10-01,Yape,CL,73,1.82933529237669
2024-10-01,billetera digital,CL,81,0.80774930649675
2024-10-01,criptomonedas,CL,21,-0.564351706333129
2024-10-01,fintech,CL,63,0.62822581928809
2024-10-01,tarjeta virtual,CL,29,-0.927914528213565
2024-10-01,Plin,CO,33,-0.811580180167348
2024-10-01,Yape,CO,72,1.77047792189123
2024-10-01,billetera digital,CO,92,2.52290397012823
2024-10-01,criptomonedas,CO,21,-0.465404476113107
2024-10-01,fintech,CO,70,1.18236252381227
2024-10-01,Plin,MX,28,-0.616258093482455
2024-10-01,Yape,MX,83,1.97496596380557
2024-10-01,billetera digital,MX,96,2.51635011911575
2024-10-01,criptomonedas,MX,26,-0.522626740372561
2024-10-01,fintech,MX,79,0.623004757015903
2024-10-01,pagos digitales,MX,61,0.710762353895222
2024-10-01,tarjeta virtual,MX,73,0.162883916660097
2024-10-01,Plin,PE,51,0.695495524868076
2024-10-01,Yape,PE,79,1.12765804081487
2024-10-01,billetera digital,PE,1,-0.255207395304429
2024-10-01,criptomonedas,PE,34,-0.149839512814587
2024-10-01,fintech,PE,71,0.151277396877335
2024-10-01,pagos digitales,PE,53,-0.0371514962492892
2024-10-01,tarjeta virtual,PE,61,0.405843920800589
2024-11-01,Plin,CL,32,-0.722791471057423
2024-11-01,Yape,CL,68,1.59224545230059
2024-11-01,billetera digital,CL,78,0.664989987976932
2024-11-01,criptomonedas,CL,35,0.0844305702388144
2024-11-01,fintech,CL,82,1.57948041683458
2024-11-01,tarjeta virtual,CL,35,-0.552289238604007
2024-11-01,Plin,CO,33,-0.811580180167348
2024-11-01,Yape,CO,59,1.19655687584394
2024-11-01,billetera digital,CO,81,2.04442218269012
2024-11-01,criptomonedas,CO,32,0.108665868462661
2024-11-01,fintech,CO,67,0.935755483131426
2024-11-01,Plin,MX,33,-0.385319485555252
2024-11-01,Yape,MX,79,1.8028388489113
2024-11-01,billetera digital,MX,59,-0.136899876946712
2024-11-01,criptomonedas,MX,47,0.509830467090243
2024-11-01,fintech,MX,69,-0.166567244063279
2024-11-01,neobanco,MX,100,1.91857224112604
2024-11-01,pagos digitales,MX,57,0.492526173729707
2024-11-01,tarjeta virtual,MX,85,0.842342540442216
2024-11-01,Plin,PE,58,1.05232104013674
2024-11-01,Yape,PE,77,1.05925834245219
2024-11-01,billetera digital,PE,1,-0.255207395304429
2024-11-01,criptomonedas,PE,47,0.484971637457928
2024-11-01,fintech,PE,71,0.151277396877335
2024-11-01,pagos digitales,PE,100,2.84394703788307
2024-11-01,tarjeta virtual,PE,55,0.165303139595368
2024-12-01,Plin,CL,40,-0.348248242044526
2024-12-01,Yape,CL,66,1.49740951627014
2024-12-01,billetera digital,CL,97,1.56913233860245
2024-12-01,criptomonedas,CL,38,0.223455343789945
2024-12-01,fintech,CL,80,1.47934835393495
2024-12-01,tarjeta virtual,CL,42,-0.114059734059523
2024-12-01,Plin,CO,29,-0.984812206928214
2024-12-01,Yape,CO,65,1.46144351248115
2024-12-01,billetera digital,CO,59,1.08745860781389
2024-12-01,criptomonedas,CO,29,-0.0478987709670939
2024-12-01,fintech,CO,50,-0.46168441406003
2024-12-01,Plin,MX,31,-0.477694928726133
2024-12-01,Yape,MX,87,2.14709307869985
2024-12-01,billetera digital,MX,65,0.293356879171525
2024-12-01,criptomonedas,MX,51,0.706488982797443
2024-12-01,fintech,MX,58,-1.03509644525038
2024-12-01,pagos digitales,MX,63,0.81988044397798
2024-12-01,tarjeta virtual,MX,90,1.12545030035143
2024-12-01,Plin,PE,56,0.95037089291712
2024-12-01,Yape,PE,95,1.67485562771631
2024-12-01,billetera digital,PE,1,-0.255207395304429
2024-12-01,criptomonedas,PE,49,0.582634891346008
2024-12-01,fintech,PE,60,-0.698203370203086
2024-12-01,pagos digitales,PE,50,-0.22105140268327
2024-12-01,tarjeta virtual,PE,57,0.245483399997108
2025-01-01,Plin,CL,34,-0.629155663804199
2025-01-01,Yape,CL,100,3.10962042878767
2025-01-01,billetera digital,CL,99,1.66430521761566
2025-01-01,criptomonedas,CL,42,0.408821708524786
2025-01-01,fintech,CL,74,1.17895216523606
2025-01-01,tarjeta virtual,CL,33,-0.67749766847386
2025-01-01,Plin,CO,33,-0.811580180167348
2025-01-01,Yape,CO,83,2.25610342239278
2025-01-01,billetera digital,CO,52,0.782970197626002
2025-01-01,criptomonedas,CO,37,0.369606934178919
2025-01-01,fintech,CO,65,0.771350789344196
2025-01-01,Plin,MX,36,-0.24675632079893
2025-01-01,Yape,MX,100,2.70650620210624
2025-01-01,billetera digital,MX,68,0.508485257230644
2025-01-01,criptomonedas,MX,55,0.903147498504644
2025-01-01,fintech,MX,63,-0.640310444710789
2025-01-01,neobanco,MX,59,-0.515397043678023
2025-01-01,pagos digitales,MX,67,1.03811662414349
2025-01-01,tarjeta virtual,MX,84,0.785720988460373
2025-01-01,Plin,PE,51,0.695495524868076
2025-01-01,Yape,PE,86,1.36705698508425
2025-01-01,billetera digital,PE,1,-0.255207395304429
2025-01-01,criptomonedas,PE,47,0.484971637457928
2025-01-01,fintech,PE,72,0.228502921157374
2025-01-01,pagos digitales,PE,48,-0.343651340305923
2025-01-01,tarjeta virtual,PE,63,0.486024181202329
